,SN Name,SN Type,ExtraCare,SeMask2,Good,Mask,seMask,IFU RA,IFU DEC,SN RA,SN DEC,Separation,ArcName,SN Time,IFU Time,Redshift,Note
0,SN2019tua,II,,,,,,329.500014,24.269238,329.501166666667,24.2658611111111,12.7317835395972,ADP.2019-07-24T09:10:32.252,2019-10-31 07:52:19,2019-06-06T08:38:42.483,0.010424,
1,SN2019obh,IIb,,,,,,69.092507,-10.375867,69.0926875,-10.3722361111111,13.0868184712644,ADP.2016-06-15T12:05:06.587,2019-08-18 12:10:21,2014-12-29T01:20:14.526,0.0355,
2,SN2019mkr,II,,,,,,257.774633,5.852107,257.774083333333,5.85205,1.97915375208092,ADP.2018-04-27T15:39:34.731,2019-08-03 04:04:30,2018-04-17T08:27:51.116,0.0224,
3,SN2019knu,II,,,,,,49.473272,-7.298251,49.4695916666667,-7.30318888888889,22.1067174033904,ADP.2018-10-17T12:58:37.289,2019-07-05 09:36:00,2018-08-22T08:23:33.206,0.017062,
4,SN2019fkq,Ia,0,1 2,0,1,1 2,359.100959,-29.023047,359.101625,-29.0237805555556,3.37182317591299,ADP.2019-10-07T17:13:49.969,2019-05-14 09:11:31,2019-09-07T01:33:39.476,0.045,
5,SN2019ehk,Ib,,,,,,185.734501,15.822736,185.733958333333,15.8261194444444,12.3245648163341,ADP.2019-09-18T17:07:14.564,2019-04-29 22:27:50,2019-04-28T02:38:55.323,0.0043,
6,SN2019dxd,II,,,,,,163.667653,-21.067357,163.674258333333,-21.0669694444444,22.233609986079,ADP.2016-09-06T14:24:08.248,2019-04-24 07:46:33,2015-12-01T06:43:28.196,0.01249,
7,SN2018lab,II,,,,,,94.107264,-21.373196,94.1105,-21.3756611111111,14.0157449212197,ADP.2017-12-12T18:37:54.575,2018-12-29 03:01:26,2017-11-17T07:01:34.703,0.009223,
8,SN2018kcw,II,,,,,,334.038379,-36.843895,334.033066666667,-36.8489222222222,23.7014101092208,ADP.2016-06-23T09:51:35.962,2018-12-19 01:12:00,2014-10-27T00:13:18.766,0.011415,
9,SN2018jfz,II,,,,,,50.078149,-0.296139,50.0780666666667,-0.296325,0.732266871855055,ADP.2019-11-28T13:05:53.718,2018-11-28 10:36:28,2019-10-08T06:33:33.303,0.034,
10,SN2018ivc,II,,,,,,40.670218,-0.01217,40.6719833333333,-0.008866666666667,13.4836282085932,ADP.2016-06-20T16:43:08.124,2018-11-24 01:47:09,2014-11-15T00:33:43.156,0.00379,
11,SN2018iuq,II,,,,,,106.472851,12.893239,106.472625,12.8929611111111,1.27663152980161,ADP.2019-12-08T00:33:13.197,2018-11-21 08:58:33,2019-10-17T07:08:13.913,0.028,
12,SN2018hfm,SN,,,,,,144.036407,6.257987,144.0364,6.25752222222222,1.67338750291118,ADP.2020-01-04T23:56:39.881,2018-10-09 15:07:12,2019-11-17T07:36:15.416,0.008087,
13,SN2018gsr,II,,,,,,2.126733,-1.524663,2.126625,-1.52497222222222,1.17909823228571,ADP.2019-11-28T13:05:53.694,2018-09-14 07:30:43,2019-10-08T04:29:35.520,0.089,
14,SN2018fqm,II,,,,,,75.840215,-28.734093,75.8399416666667,-28.7315944444444,9.03608993432085,ADP.2019-11-27T06:58:09.582,2018-08-31 14:21:07,2019-10-12T04:18:43.643,0.035,
15,SN2018fit,II,,,,,,351.317489,13.934368,351.317408333333,13.9340111111111,1.3153527800207,ADP.2019-12-08T00:33:13.241,2018-08-21 12:36:00,2019-10-17T04:11:57.476,0.014,
16,SN2018ezx,Ia,0,1 2,0,4,1 2,62.032636,-8.831268,62.0337083333333,-8.83318055555556,7.8712982367721,ADP.2017-01-18T15:19:35.833,2018-08-12 09:07:12,2016-11-08T05:42:06.153,0.032903,
17,SN2018evy,II,,,,,,275.659289,15.696643,275.659083333333,15.6965694444444,0.760386062177211,ADP.2019-07-20T08:00:23.865,2018-08-11 09:11:31,2019-05-06T06:36:09.116,0.018,
18,SN2018evk,II,,,,,,348.937416,6.91132,348.937325,6.91102777777778,1.10112297398854,ADP.2019-11-28T13:05:53.710,2018-08-08 14:06:43,2019-10-08T03:06:39.880,0.03,
19,SN2018eog,II,,,,,,307.045867,-3.136819,307.050208333333,-3.13633055555556,15.7041421437904,ADP.2019-06-16T06:18:07.639,2018-08-02 14:13:56,2019-05-21T08:06:26.470,0.015,
20,SN2018djd,Ia,1,1,0,8,1,33.639763,-0.76636,33.6409583333333,-0.765769444444445,4.79938497377333,ADP.2017-11-20T17:51:27.822,2018-07-12 08:23:59,2017-10-28T04:19:18.173,0.026385,
21,SN2018dfh,II,,,,,,77.889475,-21.269567,77.8894125,-21.2695194444444,0.270689124760384,ADP.2019-09-11T17:15:33.753,2018-07-10 10:19:12,2019-08-15T08:55:19.880,0.013836,
22,SN2018dfg,II,,,,,,211.644686,-5.450023,211.644620833333,-5.45048888888889,1.69338137551373,ADP.2019-08-19T09:40:32.186,2018-07-10 10:24:54,2019-07-22T00:35:18.750,0.0095,
23,SN2018ddr,IIb,,,,,,209.660389,7.21729,209.660291666667,7.21701944444444,1.03417519069101,ADP.2019-08-20T01:20:21.183,2018-07-03 07:13:26,2019-04-15T05:54:57.570,0.01462,
24,SN2018cvn,II,,,,,,22.609141,-26.779392,22.6132916666667,-26.78495,24.0477346247604,ADP.2019-07-25T23:53:04.583,2018-06-26 07:55:12,2019-06-14T08:41:34.576,0.0198,
25,SN2018cuf,II,,,,,,319.048729,-64.477072,319.048125,-64.4826388888889,20.0626829288467,ADP.2019-05-21T19:16:09.346,2018-06-23 15:53:16,2019-04-12T08:45:06.573,0.0108,
26,SN2018cow,Ic-BL,,,,,,244.001019,22.268325,244.000916666667,22.2680305555556,1.11347642648238,ADP.2019-06-16T07:00:25.710,2018-06-16 10:35:02,2019-05-22T06:18:07.106,0.014,
27,SN2018cho,IIP,,,,,,3.362407,17.486107,3.3605,17.4887694444444,11.6079075294713,ADP.2019-08-05T20:38:18.822,2018-06-04 06:38:52,2019-07-15T06:25:14.716,nan,
28,SN2018bsz,II,,,,,,242.413464,-32.063029,242.412966666667,-32.062675,1.98149076443003,ADP.2019-08-24T13:36:56.637,2018-05-17 00:00:00,2019-08-01T02:05:37.720,0.026665,
29,SN2018aqi,Ia,,,2,1,0 2,162.098075,-25.162193,162.106054166667,-25.1599722222222,27.2008946317145,ADP.2017-03-21T11:15:10.512,2018-04-06 01:40:48,2017-01-31T04:21:02.326,0.012509,
30,SN2018anu,II,,,,,,264.064067,18.978661,264.059795833333,18.9823861111111,19.7801861993222,ADP.2020-03-18T14:28:42.201,2018-03-29 11:20:34,2020-03-07T08:27:46.560,0.039,
31,SN2018ant,II,,,,,,129.131135,-11.827667,129.131041666667,-11.8280194444444,1.31072739151084,ADP.2019-06-26T18:53:49.083,2018-03-29 09:02:52,2019-05-18T23:05:34.193,0.0197,
32,SN2018aad,II-pec,,,,,,59.50677,-65.506592,59.5064166666667,-65.5067611111111,0.805444383760761,ADP.2019-08-19T20:30:24.233,2018-03-05 01:55:12,2019-07-20T08:46:53.853,0.024,
33,SN2018zz,Ia,0,1,3,1,1,210.911297,-33.978021,210.912625,-33.9786388888889,4.54587799322254,ADP.2016-07-12T07:52:45.162,2018-03-03 22:04:48,2015-08-08T01:03:57.016,0.013763,
34,SN2018yo,IIP,,,,,,190.29523,-1.591486,190.2965,-1.58883055555556,10.5958972943764,ADP.2019-08-20T14:23:58.107,2018-02-26 10:11:38,2019-07-27T23:15:59.950,0.0133,
35,SN2018pq,II,,,,,,193.880436,-50.060088,193.880379166667,-50.0547111111111,19.3572456968832,ADP.2019-06-25T15:59:52.914,2018-02-08 09:07:12,2019-05-09T04:12:39.673,0.007111,
36,SN2018ie,Ic-BL,,,,,,163.510747,-16.026552,163.504333333333,-16.0226611111111,26.2428613289053,ADP.2019-08-01T20:08:57.585,2018-01-18 12:06:10,2019-07-03T23:44:16.783,nan,
37,SN2018ec,Ic,,,,,,156.963793,-43.903952,156.961541666667,-43.90175,9.84590931303922,ADP.2016-09-08T02:00:17.357,2018-01-03 09:36:00,2016-04-06T23:46:55.973,0.009354,
38,SN2018bl,II,,,,,,126.044764,-77.783608,126.048291666667,-77.7879305555556,15.7914522663351,ADP.2019-07-27T16:07:46.232,2018-01-06 10:33:36,2019-04-26T00:24:42.496,0.018,
39,SN2017jne,II,,,,,,137.930698,-0.258616,137.930483333333,-0.258866666666667,1.18807971995881,ADP.2020-01-09T08:38:15.139,2017-12-28 12:17:16,2019-11-13T07:31:43.096,0.05,
40,SN2017jmk,II,,,,,,348.690189,4.531469,348.688041666667,4.53073055555556,8.15188422103017,ADP.2018-09-08T04:41:44.338,2017-12-31 01:57:14,2018-07-15T08:48:37.256,0.00947,
41,SN2017jbj,II,,,,,,12.018676,-2.783957,12.0225833333333,-2.78955555555556,24.5685136381985,ADP.2019-07-26T02:10:34.417,2017-12-20 11:22:29,2019-06-19T09:25:03.923,0.013492,
42,SN2017ivv,II,,,,,,307.207689,-4.38227,307.207416666667,-4.38260833333333,1.56176047911246,ADP.2019-06-25T18:55:42.559,2017-12-12 00:43:12,2019-05-11T08:17:41.140,0.003,
43,SN2017ivu,IIP,,,,,,234.136481,16.606277,234.136291666667,16.6055805555556,2.59088521025841,ADP.2019-06-16T07:00:25.702,2017-12-11 20:34:32,2019-05-22T05:19:59.970,0.0065,
44,SN2017iuk,Ic-BL,,,,,,167.415396,-12.586344,167.414625,-12.5884694444444,8.11696091390592,ADP.2018-04-12T21:37:42.923,2017-12-07 06:05:00,2018-03-20T02:05:42.283,0.0368,
45,SN2017ipa,II,,,,,,99.492513,-15.366531,99.4922916666667,-15.3668305555556,1.32410466856522,ADP.2019-11-27T06:15:53.684,2017-11-26 18:34:33,2019-10-11T07:21:27.886,0.029,
46,SN2017imr,IIP,,,,,,65.269816,-4.717503,65.2699583333333,-4.71834722222222,3.08180372414459,ADP.2019-12-21T21:59:50.670,2017-11-23 15:45:19,2019-11-15T02:22:49.893,0.035,
47,SN2017hxv,II,,,,,,326.097985,-29.910934,326.095879166667,-29.91655,21.2586426189334,ADP.2019-06-26T16:11:39.800,2017-11-10 01:26:24,2019-05-18T08:24:17.966,0.01874,
48,SN2017hpi,II,,,,,,123.930833,-28.855326,123.930791666667,-28.8554611111111,0.503556931623473,ADP.2019-06-06T13:02:07.987,2017-10-26 06:43:12,2019-04-25T00:40:18.573,0.005661,
49,SN2017hgz,Ia,0,1,0,2,1 2,327.08082,-34.951638,327.083833333333,-34.9528888888889,9.96668344596965,ADP.2016-08-08T10:10:02.297,2017-10-10 00:28:48,2015-10-14T01:42:03.343,0.016151,
50,SN2017hcc,IIn,,,,,,0.96093,-11.474373,0.960791666666667,-11.4746111111111,0.986398184568956,ADP.2019-08-20T14:23:58.078,2017-10-02 09:04:19,2019-07-28T04:55:23.936,0.0173,
51,SN2017grn,II,,,,,,352.973573,-5.012028,352.973208333333,-5.0121,1.33321937395374,ADP.2019-07-26T02:10:34.381,2017-09-11 06:38:36,2019-06-19T07:22:39.630,0.0175,
52,SN2017gmr,II,,,,,,38.873274,-9.359906,38.87575,-9.35418888888889,22.3820074513416,ADP.2018-09-20T00:54:00.872,2017-09-04 06:23:02,2018-08-08T08:36:13.256,0.005,
53,SN2017giu,II,,,,,,26.916084,-22.686361,26.9160041666667,-22.6864388888889,0.385922249368072,ADP.2018-08-10T10:39:16.773,2017-08-12 14:25:26,2018-06-28T07:26:01.930,0.052,
54,SN2017giq,Ic,,,,,,359.478251,28.503895,359.478104166667,28.5033527777778,2.00651167998872,ADP.2018-09-13T19:33:58.004,2017-08-27 15:15:18,2018-07-30T06:20:31.256,0.03,
55,SN2017gip,II,,,,,,346.252583,28.76211,346.252541666667,28.7618694444444,0.875768865252614,ADP.2018-09-13T02:06:32.845,2017-08-27 15:20:24,2018-07-29T06:08:06.253,0.031,
56,SN2017ghw,IIn,,,,,,359.392924,2.080906,359.394808333333,2.08643888888889,21.0404147773814,ADP.2018-09-13T02:06:32.837,2017-08-25 16:09:07,2018-07-29T05:07:48.256,0.076,
57,SN2017ggw,II,,,,,,37.609751,-43.020461,37.6120416666667,-43.0147111111111,21.5598238188795,ADP.2018-08-19T04:04:17.534,2017-08-22 03:40:00,2018-07-02T08:08:55.126,0.018,
58,SN2017ggv,IIn,,,,,,343.619639,-13.530355,343.619666666667,-13.5308388888889,1.74468940962251,ADP.2018-06-19T09:30:59.357,2017-08-22 16:32:31,2018-06-02T09:18:11.416,0.025,
59,SN2017gfh,IIb,,,,,,300.865909,6.991319,300.8641875,6.99103611111111,6.23505395072941,ADP.2018-08-09T23:03:56.004,2017-08-18 20:22:50,2018-06-26T08:05:31.130,0.024,
60,SN2017gci,SLSN-I,,,,,,101.687873,-27.248481,101.687625,-27.24885,1.54746385673939,ADP.2018-10-17T16:56:54.395,2017-08-12 19:37:55,2018-08-30T08:31:05.206,0.09,
61,SN2017gbv,Ic,,,,,,55.50601,-39.331873,55.5057083333333,-39.3319305555556,0.865184480048677,ADP.2018-08-19T04:04:17.546,2017-08-16 09:21:36,2018-07-02T09:08:24.256,0.041635,
62,SN2017gax,Ib/c,,,,,,71.456201,-59.245261,71.45625,-59.2451388888889,0.448759474585,ADP.2018-09-15T14:08:26.417,2017-08-14 17:05:16,2018-08-03T08:26:05.256,0.0044,
63,SN2017gaw,II,,,,,,18.896285,-0.848281,18.8967916666667,-0.844527777777778,13.6341330700605,ADP.2018-08-30T22:31:45.875,2017-08-14 16:29:16,2018-07-03T08:01:42.130,0.038,
64,SN2017gat,Ic,,,,,,358.321262,-32.775465,358.320970833333,-32.7757888888889,1.46160422060595,ADP.2018-08-09T22:31:19.241,2017-08-13 07:40:48,2018-06-25T07:27:20.126,0.0231,
65,SN2017fwm,Ic,,,,,,288.217994,-60.384348,288.2165,-60.3828805555556,5.91377176899259,ADP.2018-05-18T03:41:57.393,2017-07-31 15:07:12,2018-05-09T08:02:25.676,0.016,
66,SN2017fvr,IIP,,,,,,71.866659,23.982903,71.867625,23.9827305555556,3.23744824432665,ADP.2018-10-17T14:35:31.527,2017-08-01 00:40:19,2018-08-24T08:36:46.210,0.013,
67,SN2017fvf,IIP,,,,,,49.473272,-7.298251,49.472125,-7.30026944444444,8.34120093519435,ADP.2018-10-17T12:58:37.289,2017-07-30 01:20:38,2018-08-22T08:23:33.206,0.017,
68,SN2017fqo,II,,,,,,28.249214,12.708531,28.2562916666667,12.7127888888889,29.2017154383903,ADP.2018-09-13T21:33:41.786,2017-07-23 05:18:14,2018-07-31T09:02:36.256,0.015,
69,SN2017fqk,II,,,,,,43.514116,2.968458,43.5092208333333,2.96793888888889,17.6979020668661,ADP.2018-10-17T12:58:37.305,2017-07-24 08:38:24,2018-08-22T06:44:51.206,0.010147,
70,SN2017fod,II,,,,,,281.231231,27.307731,281.2311625,27.3072111111111,1.8843830215179,ADP.2018-08-10T09:59:53.085,2017-07-14 12:36:00,2018-06-27T06:32:32.126,0.045,
71,SN2017fem,IIP,,,,,,218.11399,27.427308,218.113833333333,27.42675,2.07023747072815,ADP.2018-06-19T09:51:06.697,2017-07-02 08:03:50,2018-06-03T02:02:24.416,0.014,
72,SN2017fbq,II,,,,,,293.440486,-60.967004,293.44025,-60.9669694444444,0.430679777971142,ADP.2018-06-02T02:30:18.625,2017-06-27 20:38:24,2018-05-26T04:06:14.416,0.015,
73,SN2017fav,IIn,,,,,,218.025636,21.833098,218.025654166667,21.8329694444444,0.466764842108455,ADP.2018-08-09T20:47:02.284,2017-06-28 08:18:14,2018-06-22T01:21:21.126,0.046,
74,SN2017faf,II,,,,,,263.666595,26.30645,263.666620833333,26.3061027777778,1.25277705282185,ADP.2018-06-12T09:59:17.860,2017-06-28 10:23:31,2018-05-29T07:10:39.416,0.0295,
75,SN2017faa,II,,,,,,199.769678,-2.51463,199.76625,-2.51275,14.064431150689,ADP.2019-06-07T04:01:46.351,2017-06-27 07:32:09,2019-05-01T05:09:42.636,0.018,
76,SN2017ewx,Ib,,,,,,210.5728,7.682458,210.568875,7.679,18.7366761292152,ADP.2018-06-12T09:59:17.880,2017-06-20 08:21:07,2018-05-29T04:41:49.416,0.016,
77,SN2017eul,II,,,,,,26.128666,4.668336,26.1286666666667,4.66823888888889,0.349608183321028,ADP.2018-09-13T21:33:41.774,2017-06-16 05:57:07,2018-07-31T07:35:51.256,0.026,
78,SN2017eni,IIn,,,,,,46.295301,-45.550612,46.2949166666667,-45.5509694444444,1.61078459253085,ADP.2018-09-14T08:58:43.049,2017-06-05 00:46:04,2018-07-05T07:45:38.256,0.08165,
79,SN2017eiy,IIb,,,,,,357.369018,-30.419933,357.367791666667,-30.4179694444444,8.02881303903491,ADP.2018-08-09T21:53:42.281,2017-05-26 18:21:36,2018-06-24T07:26:23.130,0.047,
80,SN2017ecp,Ibn,,,,,,213.703788,-29.559944,213.703858333333,-29.5602111111111,0.986499685621732,ADP.2018-08-10T09:59:53.077,2017-05-16 06:14:24,2018-06-27T04:33:21.130,0.02,
81,SN2017eca,IIP,,,,,,241.065382,17.957957,241.065458333333,17.95765,1.13569524584508,ADP.2018-06-02T02:30:18.611,2017-05-12 12:10:04,2018-05-26T05:05:47.416,0.032,
82,SN2017dps,Ia,0,1,3,1,1,204.163917,-33.96576,204.16675,-33.9670194444444,9.59707908251291,ADP.2017-12-18T14:37:20.881,2017-05-01 06:28:48,2016-04-11T04:34:26.580,0.012465,
83,SN2017dkb,IIP,,,,,,273.513433,21.883559,273.514291666667,21.8774166666667,22.2976823958259,ADP.2018-08-10T09:59:53.093,2017-04-28 18:58:50,2018-06-27T05:33:17.126,0.016,
84,SN2017dka,II,,,,,,210.443714,9.493704,210.441916666667,9.49926111111111,20.9988209759527,ADP.2018-06-12T09:59:17.832,2017-04-30 00:34:33,2018-05-29T02:59:44.420,0.021,
85,SN2017dhu,II,,,,,,79.133278,6.463228,79.1330833333333,6.46286944444444,1.46665014085247,ADP.2018-10-17T17:37:48.368,2017-04-23 16:40:47,2018-08-31T07:47:53.206,0.043,
86,SN2017dht,II-pec,,,,,,141.778455,12.70087,141.778420833333,12.7009777777778,0.406130121043113,ADP.2020-01-16T22:01:39.041,2017-04-22 09:12:57,2020-01-10T04:10:44.313,0.091,
87,SN2017dgd,IIb,,,,,,251.41234,1.622333,251.4124,1.6223,0.246438723851514,ADP.2018-05-18T05:10:05.617,2017-04-19 13:30:43,2018-05-11T08:52:59.676,0.022,
88,SN2017dek,II,,,,,,306.436301,-21.660828,306.436291666667,-21.6610805555556,0.909736107397219,ADP.2018-08-09T23:03:56.012,2017-04-16 18:36:00,2018-06-26T09:05:55.126,0.063,
89,SN2017dch,Ic,,,,,,298.898737,-11.639357,298.89875,-11.6396388888889,1.01583469507231,ADP.2018-06-12T09:59:17.801,2017-04-15 18:24:28,2018-05-29T09:09:45.420,0.048,
90,SN2017cze,Ia,0,1,0,2,1,167.444986,-13.380692,167.4451,-13.3807388888889,0.433475900650778,ADP.2016-07-26T12:48:39.617,2017-04-11 06:57:36,2016-01-05T05:57:42.346,0.01486,
91,SN2017cjd,Ic,,,,,,177.62567,-18.595533,177.625725,-18.5958222222222,1.05797675180348,ADP.2018-09-14T08:58:43.073,2017-03-19 11:36:57,2018-07-05T00:47:12.256,0.023,
92,SN2017cin,IIn,,,,,,243.502403,26.919042,243.50275,26.9162611111111,10.0729741379023,ADP.2018-06-12T09:59:17.813,2017-03-17 14:24:00,2018-05-29T05:59:08.416,0.033,
93,SN2017caw,II,,,,,,121.959214,-61.769105,121.95875,-61.771,6.86760297945428,ADP.2018-10-25T10:09:15.067,2017-03-08 01:53:19,2018-09-27T07:52:35.893,0.027145,
94,SN2017bzm,IIn,,,,,,198.767278,-24.801444,198.767329166667,-24.8015222222222,0.327502593253502,ADP.2018-09-13T01:08:48.767,2017-03-07 13:26:24,2018-07-26T23:50:29.130,0.045,
95,SN2017bzb,II,,,,,,344.322266,-41.016323,344.322166666667,-41.0159611111111,1.33044714825855,ADP.2018-06-02T02:30:18.647,2017-03-07 05:06:55,2018-05-26T06:57:34.420,0.003132,
96,SN2017blh,II,,,,,,163.040391,-27.796407,163.0439625,-27.7977027777778,12.2931630451381,ADP.2018-09-14T08:58:43.035,2017-02-19 12:20:09,2018-07-04T23:46:12.256,0.0334,
97,SN2017bif,II,,,,,,261.612994,-60.544307,261.613,-60.5443694444444,0.225050799951799,ADP.2017-11-14T16:55:28.324,2017-02-16 14:06:43,2017-10-03T00:04:54.880,nan,
98,SN2017aym,IIP,,,,,,219.423758,2.28742,219.424083333333,2.28568055555556,6.37041364173504,ADP.2018-10-17T14:35:31.567,2017-01-13 13:47:59,2018-08-24T00:08:41.200,0.0058,
99,SN2017auf,II,,,,,,75.580805,-10.356262,75.5817083333333,-10.3563194444444,3.20569863478171,ADP.2018-10-17T14:35:31.555,2017-02-14 06:43:12,2018-08-24T07:35:21.206,0.013293,
100,SN2017anf,II,,,,,,203.303768,8.056589,203.305875,8.05705,7.69151094400923,ADP.2018-06-12T09:59:17.840,2017-02-09 12:17:16,2018-05-29T01:59:44.416,0.0233,
101,SN2017ahn,II,,,,,,159.324335,-41.625494,159.322791666667,-41.6181305555556,26.8318035726957,ADP.2016-06-21T09:55:15.898,2017-02-08 08:35:31,2015-05-18T02:42:28.470,0.009,
102,SN2017vp,II,,,,,,135.646538,9.75347,135.646333333333,9.75320555555556,1.19732971782954,ADP.2019-12-21T23:16:24.146,2017-01-26 09:11:31,2019-11-16T06:58:29.540,0.05,
103,SN2017rt,Ic,,,,,,175.87565,-16.796472,175.8719125,-16.7936861111111,16.3250347694691,ADP.2018-06-02T03:35:25.197,2017-01-10 14:32:38,2018-05-27T04:05:36.416,0.012,
104,SN2017pn,II,,,,,,71.602448,-11.988214,71.60245,-11.9884027777778,0.679636493576772,ADP.2017-12-20T14:19:23.099,2017-01-26 07:29:16,2017-12-02T07:25:43.686,0.014,
105,SN2017mw,IIb,,,,,,149.334156,-41.590299,149.337375,-41.5891611111111,9.586458981527,ADP.2018-08-31T01:32:49.315,2017-01-20 09:11:31,2018-07-03T23:56:06.256,0.012,
106,SN2017lt,II,,,,,,214.93413,-16.837399,214.934166666667,-16.8377111111111,1.13068078758223,ADP.2018-09-13T21:33:41.705,2017-01-17 06:18:43,2018-07-31T02:03:43.256,0.043,
107,SN2016jga,II,,,,,,31.411001,-59.799616,31.4095,-59.7996611111111,2.72299514399114,ADP.2017-12-13T05:34:17.680,2016-12-24 03:21:36,2017-11-30T04:33:29.613,0.0243,
108,SN2016iyz,II,,,,,,88.153405,-17.787533,88.1559583333333,-17.78715,8.8605299340635,ADP.2018-01-12T09:53:59.902,2016-12-20 09:36:50,2018-01-05T06:21:35.276,0.010556,
109,SN2016iye,IIb,,,,,,116.338179,-71.403554,116.332166666667,-71.4049722222222,8.58527319235833,ADP.2016-09-23T09:45:45.119,2016-12-19 11:23:45,2015-12-28T05:45:09.676,0.03,
110,SN2016iyd,II,,,,,,114.290936,-52.317677,114.29065,-52.3178305555556,0.837676379447545,ADP.2017-12-20T14:19:23.125,2016-12-19 06:43:12,2017-12-02T03:14:09.323,0.034,
111,SN2016ija,II,,,,,,63.023175,-32.86226,63.0316666666667,-32.8529111111111,42.3339251679184,ADP.2017-11-15T15:01:59.862,2016-11-22 17:05:16,2017-10-04T03:32:41.363,0.003468,
112,SN2016ieq,IIn,,,,,,320.60491,-11.948384,320.604958333333,-11.9485611111111,0.659933377907331,ADP.2017-11-15T15:01:59.840,2016-11-14 10:20:38,2017-10-04T04:35:18.753,0.066,
113,SN2016iaf,IIn,,,,,,86.769632,-25.768891,86.7701291666667,-25.7705083333333,6.04137801370281,ADP.2018-01-23T14:32:55.756,2016-10-30 13:40:47,2018-01-17T03:40:06.656,0.063,
114,SN2016iae,Ic,,,,,,63.023175,-32.86226,63.0230416666667,-32.8623694444444,0.56373514764194,ADP.2017-11-15T15:01:59.862,2016-11-07 11:22:33,2017-10-04T03:32:41.363,0.004,
115,SN2016hwn,II,,,,,,181.070659,21.800019,181.070333333333,21.8005111111111,2.0793071071634,ADP.2018-04-13T07:57:42.954,2016-11-06 15:07:12,2018-03-28T04:56:16.283,0.02145,
116,SN2016hvu,IIP,,,,,,338.985489,20.322908,338.9815,20.3201611111111,16.7074032925227,ADP.2019-06-16T06:18:07.682,2016-11-06 02:40:36,2019-05-21T09:19:46.473,0.01852,
117,SN2016hpt,II,,,,,,328.652613,-42.850363,328.652420833333,-42.85055,0.842870090002361,ADP.2019-11-27T06:00:58.799,2016-10-30 01:55:12,2019-10-10T01:05:25.983,0.0266,
118,SN2016hmq,II,,,,,,66.270454,-7.565478,66.2704875,-7.56561666666667,0.513315577016379,ADP.2017-12-12T19:00:50.154,2016-10-24 13:43:40,2017-12-01T07:08:20.933,0.0174,
119,SN2016hgm,II,,,,,,20.549141,0.952955,20.5492208333333,0.952055555555556,3.25072606264433,ADP.2019-08-05T20:38:18.808,2016-10-19 09:10:45,2019-07-15T07:24:51.066,0.0078,
120,SN2016hbb,II,,,,,,278.947809,22.470857,278.946666666667,22.47505,15.5657888465628,ADP.2017-11-15T15:01:59.854,2016-10-09 03:30:30,2017-10-04T00:39:02.936,0.013323,
121,SN2016gkg,IIb,,,,,,23.560318,-29.440502,23.5601666666667,-29.4400611111111,1.65659464798603,ADP.2017-12-13T05:34:17.672,2016-09-20 05:57:45,2017-11-30T03:32:30.780,0.00492,
122,SN2016gfk,Ia,0,2,0,1,2,18.532299,-32.651908,18.5269583333333,-32.6571666666667,24.9083154475725,ADP.2016-10-05T16:09:44.597,2016-09-11 11:36:28,2016-05-20T09:14:48.156,0.012,
123,SN2016eso,IIn,,,,,,74.875652,-28.865092,74.8752333333333,-28.8609,15.148816422828,ADP.2019-08-05T21:49:11.799,2016-08-08 09:50:24,2019-07-18T09:06:05.713,0.016064,
124,SN2016egz,II,,,,,,1.016178,-34.814235,1.01605833333333,-34.8144083333333,0.717267273597656,ADP.2019-11-28T14:12:36.645,2016-07-24 07:40:48,2019-10-15T04:18:02.333,0.0232,
125,SN2016cyx,II,,,,,,35.349311,16.565265,35.3449416666667,16.5652638888889,15.0767528707512,ADP.2019-08-05T20:38:18.792,2016-07-06 14:09:36,2019-07-15T08:49:06.956,0.013689,
126,SN2016cyk,II,,,,,,195.684511,-26.9406,195.684570833333,-26.9409,1.09693807954345,ADP.2019-07-27T16:07:46.208,2016-06-27 02:52:48,2019-04-26T05:28:30.570,0.016054,
127,SN2016cvk,IIn-pec,,,,,,334.956325,-40.665768,334.955791666667,-40.6675555555556,6.59793477198766,ADP.2019-06-18T16:48:16.107,2016-06-12 15:18:54,2019-05-12T08:01:50.193,0.0107,
128,SN2016cok,IIP,,,,,,170.072992,12.989723,170.079304166667,12.9824,34.4280907925424,ADP.2018-02-01T11:53:14.274,2016-05-28 07:06:54,2018-01-25T07:19:50.460,0.002425,
129,SN2016cdd,Ib,,,,,,187.973547,-51.74739,187.973483333333,-51.7474527777778,0.266857393229699,ADP.2018-03-09T11:27:23.224,2016-05-14 03:36:00,2018-03-03T08:16:05.736,0.008731,
130,SN2016ccm,IIP,,,,,,212.495574,17.764041,212.495416666667,17.7633611111111,2.50633067517199,ADP.2019-06-26T18:53:49.035,2016-05-06 21:44:11,2019-05-19T02:56:29.970,0.019,
131,SN2016bmi,IIP,,,,,,278.634422,-58.529208,278.634125,-58.5291111111111,0.658209019368964,ADP.2017-11-15T15:01:59.870,2016-04-14 11:48:36,2017-10-04T02:36:14.343,0.007455,
132,SN2016blz,II,,,,,,235.122014,0.910383,235.122083333333,0.910305555555556,0.374184277962323,ADP.2020-02-13T11:54:51.637,2016-04-10 10:33:36,2020-02-07T07:57:57.356,0.01173,
133,SN2016blt,IIb,,,,,,213.940186,-47.640551,213.940666666667,-47.6375,11.0453107802279,ADP.2018-04-13T11:59:08.411,2016-04-04 12:30:22,2018-04-03T08:22:49.920,0.016,
134,SN2016blb,IIP,,,,,,174.335886,-4.911425,174.33625,-4.91013888888889,4.81055762870422,ADP.2019-06-14T00:59:57.996,2016-03-30 06:57:36,2019-05-25T02:59:50.620,0.0183,
135,SN2016bev,II,,,,,,116.959493,-18.7368,116.959208333333,-18.7368888888889,1.02188554957362,ADP.2018-01-11T13:40:14.820,2016-03-10 07:55:12,2018-01-04T07:45:55.350,0.011,
136,SN2016bas,IIb,,,,,,114.524457,-55.191612,114.523041666667,-55.1963888888889,17.4409965115607,ADP.2017-12-20T14:19:23.091,2016-03-12 12:16:29,2017-12-02T05:23:58.363,0.009,
137,SN2016ase,II,,,,,,175.644521,-25.91242,175.644583333333,-25.9125833333333,0.621677675872048,ADP.2018-01-12T09:53:59.894,2016-03-06 08:38:24,2018-01-05T07:22:48.276,0.015,
138,SN2016aqf,II,,,,,,86.599377,-52.087822,86.5996125,-52.0885722222222,2.75057947464909,ADP.2019-06-07T02:33:34.900,2016-02-26 04:33:36,2019-04-17T23:39:07.186,0.004016,
139,SN2016aiy,IIn,,,,,,197.107872,-41.977228,197.105833333333,-41.9806388888889,13.4367231667036,ADP.2018-04-17T13:42:25.760,2016-02-17 08:52:48,2018-04-05T05:48:37.916,0.01,
140,SN2016afa,II,,,,,,234.136481,16.606277,234.135291666667,16.6101944444444,14.6875252123958,ADP.2019-06-16T07:00:25.702,2016-02-12 22:08:51,2019-05-22T05:19:59.970,0.007,
141,SN2016aew,Ia,0,1,0,1,1,212.8595,1.286659,212.860379166667,1.28596388888889,4.03412725817873,ADP.2016-08-02T10:23:14.733,2016-02-12 12:28:48,2014-06-24T01:55:59.696,0.025001,
142,SN2016adl,II,,,,,,177.979227,-13.417349,177.984166666667,-13.4175277777778,17.3093931363016,ADP.2019-08-01T19:01:44.235,2016-02-08 05:02:24,2019-07-03T00:28:04.810,0.007,
143,SN2016adj,Ib,,,,,,201.365032,-43.018606,201.350458333333,-43.0159722222222,39.5142566853309,ADP.2016-06-14T15:56:27.057,2016-02-08 13:26:43,2015-02-27T08:33:10.880,nan,
144,SN2016aai,IIP,,,,,,192.620961,-10.836062,192.6168,-10.8413944444444,24.1861726030732,ADP.2019-06-16T06:18:07.722,2016-02-04 13:08:00,2019-05-21T05:03:58.763,0.007972,
145,SN2016zb,II,,,,,,145.621878,-16.976992,145.621666666667,-16.9741388888889,10.2969425597106,ADP.2019-06-20T08:32:33.740,2016-01-29 08:09:36,2019-05-20T01:46:18.250,0.013922,
146,SN2016X,IIP,,,,,,193.81519,0.10007,193.815041666667,0.099819444444445,1.04821712083701,ADP.2019-06-18T16:48:16.192,2016-01-20 13:55:12,2019-05-12T00:56:12.740,0.004408,
147,SN2016P,Ic-BL,,,,,,209.374473,6.094798,209.379583333333,6.0975,20.7185501298806,ADP.2019-08-24T12:17:02.737,2016-01-19 04:36:28,2019-07-31T01:24:06.376,0.0146,
148,SN2016L,IIP,,,,,,225.108767,-13.551752,225.114458333333,-13.5525,20.099531504603,ADP.2019-06-16T06:18:07.714,2016-01-15 08:38:24,2019-05-21T06:05:24.790,0.009297,
149,SN2016I,IIP,,,,,,219.939138,23.398258,219.9363875,23.3953527777778,13.8553864806003,ADP.2019-07-20T08:00:23.901,2016-01-12 13:40:47,2019-05-06T05:32:57.066,0.0149,
150,SN2016C,IIP,,,,,,204.522208,-17.85341,204.522083333333,-17.85425,3.05402429249571,ADP.2019-05-21T15:52:16.261,2016-01-03 20:10:14,2019-04-04T08:40:50.573,0.00452,
151,SN2016B,IIP,,,,,,178.768023,1.718694,178.767691666667,1.71855,1.30008871384864,ADP.2020-01-22T22:23:54.901,2016-01-03 14:52:48,2020-01-12T07:10:05.156,0.004293,
152,SN2015bs,IIP,,,,,,338.432627,-6.368489,338.432395833333,-6.36898055555556,1.95333542519465,ADP.2016-08-12T06:45:17.051,2015-06-27 13:46:33,2015-11-01T01:22:52.733,0.027,
153,SN2015bn,SLSN-I,,,,,,173.424753,0.725896,173.423125,0.725972222222222,5.86675023715335,ADP.2016-08-01T09:51:27.609,2015-02-15 11:12:28,2016-01-17T06:46:45.173,0.1136,
154,SN2015bm,II,,,,,,182.000483,19.740964,182.000416666667,19.74075,0.802518400317314,ADP.2020-02-14T10:43:31.453,2015-12-28 02:11:02,2020-02-08T07:19:52.910,0.015,
155,SN2015bj,II,,,,,,139.970389,-68.90897,139.969708333333,-68.9114444444445,8.95153114518468,ADP.2019-07-27T16:07:46.244,2015-11-23 01:30:43,2019-04-26T03:30:56.083,0.011208,
156,SN2015bf,IIn,,,,,,351.204538,15.279536,351.204291666667,15.2811111111111,5.73456454934481,ADP.2019-07-25T02:20:27.266,2015-12-12 00:00:00,2019-06-11T07:35:55.200,nan,
157,SN2015ay,II,,,,,,17.440948,13.308117,17.4448708333333,13.3080305555556,13.7464917404873,ADP.2019-08-19T20:30:24.298,2015-10-03 00:00:00,2019-07-20T07:08:26.853,nan,
158,SN2015ap,Ib,,,,,,31.311168,6.104357,31.3055,6.10233055555556,21.560824598287,ADP.2019-08-05T21:49:11.807,2015-09-08 00:00:00,2019-07-18T07:28:46.856,nan,
159,SN2015an,IIP,,,,,,126.06262,-18.774284,126.062916666667,-18.7745833333333,1.47773353952875,ADP.2019-06-26T18:53:49.011,2015-09-13 00:00:00,2019-05-19T01:03:46.233,nan,
160,SN2015ah,Ib-pec,,,,,,345.100379,1.626978,345.102620833333,1.62688888888889,8.07372239947049,ADP.2019-07-25T02:20:27.250,2015-08-06 00:00:00,2019-06-11T06:25:15.246,nan,
161,SN2015W,IIP,,,,,,104.433737,13.576689,104.429291666667,13.5793611111111,18.2899866669081,ADP.2019-10-09T15:25:22.614,2015-01-12 00:00:00,2019-09-16T08:41:46.473,nan,
162,SN2015P,IIP,,,,,,192.626175,-10.86777,192.628,-10.8779194444444,37.1032947490913,ADP.2016-10-06T17:28:20.481,2015-06-07 00:00:00,2016-05-27T04:03:00.630,nan,
163,SN2015L,I,,,,,,330.564311,-61.659459,330.564379166667,-61.6596111111111,0.559854060488646,ADP.2017-07-27T19:37:38.563,2015-06-14 00:00:00,2017-06-23T06:27:00.110,nan,
164,SN2015H,Ia-pec,,,,,,163.677587,-21.073279,163.675670833333,-21.0705,11.8962989401927,ADP.2017-06-29T22:53:02.745,2015-02-10 00:00:00,2017-05-10T03:56:07.046,0.01249,
165,SN2014ey,Iax[02cx-like],,,,,,226.123941,2.333098,226.124883333333,2.33090277777778,8.59904480707291,ADP.2017-07-31T14:27:24.034,2014-04-24 05:40:05,2017-06-25T04:28:10.110,0.03197,
166,SN2014eh,Ic,,,,,,306.270572,-24.813988,306.266079166667,-24.8203611111111,27.238000790562,ADP.2019-06-20T08:32:33.634,2014-11-03 00:00:00,2019-05-20T05:54:12.686,nan,
167,SN2014dw,II,,,,,,167.701225,-37.450287,167.701708333333,-37.4506111111111,1.80818999428625,ADP.2019-06-25T15:59:52.959,2014-11-06 00:00:00,2019-05-08T23:57:37.956,nan,
168,SN2014dt,Ia-pec,,,,,,185.487526,4.468898,185.489870833333,4.47181111111111,13.4464009743684,ADP.2016-08-01T13:06:16.049,2014-10-29 00:00:00,2016-01-20T05:41:19.606,nan,
169,SN2014dq,II,,,,,,335.815335,-28.980704,335.817041666667,-28.9755,19.4901573780565,ADP.2016-09-02T05:44:24.849,2014-10-19 00:00:00,2015-11-14T02:13:38.193,nan,
170,SN2014dm,Ia,0,1 2,0,1,1 2,62.032636,-8.831268,62.0297083333333,-8.827,18.5618769589239,ADP.2017-01-18T15:19:35.833,2014-09-27 00:00:00,2016-11-08T05:42:06.153,0.033683,
171,SN2014dk,Ia,2,,1,,,7.049269,7.166935,7.04982916666667,7.16218888888889,17.2027560155524,ADP.2017-11-14T19:02:33.727,2014-09-25 00:00:00,2017-10-02T03:54:34.776,0.038,
172,SN2014cy,II,,,,,,356.064823,10.766996,356.066791666667,10.7701388888889,13.2849754771124,ADP.2016-07-25T13:16:34.364,2014-08-31 00:00:00,2014-06-22T07:52:30.233,nan,
173,SN2014cw,II,,,,,,333.861236,-10.476111,333.860620833333,-10.4762805555556,2.26161334056661,ADP.2019-12-08T00:33:13.249,2014-08-29 00:00:00,2019-10-17T01:39:23.383,nan,
174,SN2014cr,Ia-pec,,,,,,294.271246,-42.296367,294.275541666667,-42.2973611111111,11.9853062492386,ADP.2017-12-12T14:16:55.438,2014-06-27 00:00:00,2017-06-22T08:20:04.113,nan,
175,SN2014ce,II,,,,,,351.920538,23.589854,351.92025,23.5892805555556,2.27256512056694,ADP.2019-07-26T02:10:34.431,2014-08-09 00:00:00,2019-06-19T08:21:12.820,nan,
176,SN2014cd,Ia,0,1,0,4,1,65.94455,-51.599831,65.9466291666667,-51.6008111111111,5.83654083989349,ADP.2016-07-12T07:27:20.835,2014-08-09 00:00:00,2015-08-03T07:48:31.956,nan,
177,SN2014bz,Ia,2,18,1,2,,209.016568,-43.585732,209.017458333333,-43.5860805555556,2.6390575782897,ADP.2016-06-17T17:51:10.707,2014-05-06 00:00:00,2015-05-23T06:42:49.703,nan,
178,SN2014ay,II,,,,,,268.772624,18.257494,268.772629166667,18.2573305555556,0.588665069913033,ADP.2016-08-29T08:22:53.350,2014-05-04 00:00:00,2016-03-31T09:01:19.310,nan,
179,SN2014at,Ia,1,2 3,0,1,1 2,326.562791,-46.518776,326.56175,-46.5225305555556,13.7601871336777,ADP.2016-06-17T18:47:32.957,2014-04-20 00:00:00,2015-05-30T05:53:40.600,0.03251,
180,SN2014ao,Ia,0,1,0,3,1,128.639057,-2.546132,128.638829166667,-2.54336111111111,10.0087969763794,ADP.2019-04-10T17:46:49.603,2014-04-17 00:00:00,2019-03-20T02:01:32.020,0.013933,
181,SN2014V,II,,,,,,177.278367,-9.730358,177.275829166667,-9.72603055555556,17.9940515412532,ADP.2016-10-05T16:01:04.052,2014-02-21 00:00:00,2016-06-30T23:28:38.626,nan,
182,SN2014L,Ic,,,,,,184.697864,14.4155,184.702829166667,14.4120805555556,21.2424168217085,ADP.2018-05-28T17:43:19.434,2014-01-26 00:00:00,2018-05-19T02:22:48.676,nan,
183,SN2014E,Ia,,,1,,,180.880304,2.042766,180.880170833333,2.04325,1.80706669401808,ADP.2019-04-16T19:54:48.565,2014-01-07 00:00:00,2019-03-18T02:13:36.530,0.01896,
184,SN2013if,IIP,,,,,,278.170904,-34.191058,278.171241666667,-34.1908972222222,1.16019533703868,ADP.2017-11-09T16:25:30.918,2013-04-21 07:52:59,2017-09-18T01:00:14.146,0.0196,
185,SN2013hk,Ia,0,3,0,1,2,45.546172,15.927605,45.5452083333333,15.9274388888889,3.38918972275035,ADP.2016-09-23T00:56:03.893,2013-12-04 00:00:00,2015-12-27T04:25:06.286,0.017,
186,SN2013gr,Ia-pec,,,,,,26.622545,-58.676333,26.61625,-58.6732805555556,16.1110471248839,ADP.2016-07-28T11:30:23.615,2013-11-28 00:00:00,2015-09-24T08:27:49.103,nan,
187,SN2013fz,Ia,0,1,0,4,1,65.94455,-51.599831,65.9435,-51.5961888888889,13.3201859384503,ADP.2016-07-12T07:27:20.835,2013-11-02 00:00:00,2015-08-03T07:48:31.956,0.020608,
188,SN2013fy,Ia,1,1 6,1,,1,324.367768,-47.035719,324.363,-47.0318888888889,18.0827422695846,ADP.2016-06-25T11:26:36.800,2013-10-25 00:00:00,2015-06-21T04:08:50.416,0.031359,
189,SN2013ex,Ia,,,1,,,83.200141,-14.047126,83.19425,-14.0459388888889,21.0126468645607,ADP.2016-09-22T23:58:36.511,2013-08-19 00:00:00,2015-12-26T07:51:46.540,0.010526,
190,SN2013el,Ib,,,,,,49.473272,-7.298251,49.4685416666667,-7.30058055555556,18.8585268535255,ADP.2018-10-17T12:58:37.289,2013-07-11 00:00:00,2018-08-22T08:23:33.206,nan,
191,SN2013ej,II,,,,,,24.191008,15.765541,24.2006708333333,15.7586111111111,41.7512942832042,ADP.2017-01-30T13:30:55.946,2013-07-25 00:00:00,2016-12-30T01:01:36.823,0.002,
192,SN2013ef,Ia,0,1,1,,,28.84172,6.612014,28.8362916666667,6.60981111111111,20.9694876501328,ADP.2017-06-06T17:14:14.070,2013-07-04 00:00:00,2015-12-28T02:44:52.940,0.017249,
193,SN2013dl,Ia,0,1 4 7,1,,,19.673229,-7.449395,19.674,-7.44436111111111,18.3297961985027,ADP.2016-07-26T15:11:37.761,2013-06-17 00:00:00,2016-01-06T01:58:58.140,0.002395,
194,SN2013dk,Ic,,,,,,180.469221,-18.865116,180.469670833333,-18.87175,23.931510950575,ADP.2016-06-17T15:03:28.061,2013-06-22 00:00:00,2015-05-11T00:38:53.116,nan,
195,SN2013dc,IIP,,,,,,253.246306,2.401228,253.245708333333,2.40708055555556,21.1785841154784,ADP.2016-06-24T10:39:03.106,2013-04-11 00:00:00,2015-06-11T04:10:51.283,nan,
196,SN2013da,Ia,0,1,0,2,1,206.401822,-7.325923,206.400870833333,-7.32571944444444,3.47440640589395,ADP.2017-04-11T12:41:12.920,2013-06-05 00:00:00,2017-04-01T07:50:10.040,0.024575,
197,SN2013cv,Ia-pec,,,,,,245.679304,18.959987,245.679829166667,18.9598888888889,1.82257841735252,ADP.2017-09-20T13:08:51.778,2013-05-20 00:00:00,2017-07-29T23:58:02.576,nan,
198,SN2013cs,Ia,,,1,,,198.804788,-17.966052,198.811708333333,-17.9654388888889,23.8010235031081,ADP.2017-03-17T16:43:00.524,2013-05-14 00:00:00,2017-02-13T06:49:32.200,0.009341,
199,SN2013bz,Ia-pec,,,,,,201.712596,-10.025303,201.713829166667,-10.0256111111111,4.51013539626532,ADP.2016-06-24T10:17:21.594,2013-04-21 00:00:00,2015-06-03T01:52:42.113,0.0193,
200,SN2013az,Ia,1,1,1,,,84.9729,-40.512423,84.9672083333333,-40.5078111111111,22.7670491076087,ADP.2016-07-25T12:08:30.833,2013-03-24 00:00:00,2015-09-05T08:42:03.170,0.0373,
201,SN2013as,Ia,2,7,1,2,,178.216722,-18.988363,178.218079166667,-18.9888611111111,4.95573668614395,ADP.2016-06-17T17:42:18.574,2013-03-15 00:00:00,2015-05-25T01:18:55.553,0.07,
202,SN2013ao,Ia,,,,,,176.186419,-20.527876,176.186420833333,-20.5280805555556,0.73642593895822,ADP.2016-06-17T17:42:18.588,2013-03-04 00:00:00,2015-05-25T02:18:31.823,0.03,
203,SN2013aj,Ia,3,1,1,,1,208.502316,-7.929525,208.502829166667,-7.92883055555556,3.0980542003725,ADP.2016-09-29T04:18:26.815,2013-03-03 00:00:00,2016-05-10T04:49:19.800,0.00899,
204,SN2013aa,Ia,2,,1,,,218.141144,-44.224299,218.141170833333,-44.2243888888889,0.330921520766413,ADP.2016-09-22T21:00:32.903,2013-02-13 00:00:00,2016-04-19T07:50:59.856,0.00399,
205,SN2013M,Ia,0,1,2,1,1,209.990264,-37.863676,209.986170833333,-37.8637194444444,11.6342537130278,ADP.2017-12-12T14:16:55.449,2013-01-20 00:00:00,2017-04-18T07:14:53.763,0.034994,
206,SN2012il,Ic,,,,,,146.553436,19.841642,146.553541666667,19.8411694444444,1.73842314767978,ADP.2016-07-28T15:04:54.363,2012-01-21 00:00:00,2016-01-15T05:50:06.913,nan,
207,SN2012ht,Ia,,,1,,,163.344847,16.776676,163.344791666667,16.7763611111111,1.14953194728403,ADP.2016-09-25T07:08:30.000,2012-12-18 00:00:00,2016-04-25T02:30:45.776,0.003555,
208,SN2012hr,Ia,,,1,,,95.410153,-59.713975,95.41025,-59.7140611111111,0.356530184897831,ADP.2016-09-30T09:37:13.201,2012-12-16 00:00:00,2016-05-14T23:40:34.173,0.007615,
209,SN2012ho,IIP,,,,,,340.063513,-2.42352,340.070920833333,-2.42613888888889,28.2631743754987,ADP.2016-06-21T10:36:39.109,2012-12-06 00:00:00,2015-05-15T08:49:53.150,nan,
210,SN2012he,Ia,1,1,0,3,1,75.211112,-38.654363,75.2086208333333,-38.6531694444444,8.21660518455978,ADP.2017-09-22T09:52:40.531,2012-11-22 00:00:00,2017-08-03T08:32:15.766,0.057627,
211,SN2012hd,Ia,0,2,0,1,2,18.532299,-32.651908,18.5310791666667,-32.6521388888889,3.78967390595536,ADP.2016-10-05T16:09:44.597,2012-11-20 00:00:00,2016-05-20T09:14:48.156,0.011999,
212,SN2012gm,Ia,0,1,0,1,1,349.401731,14.001081,349.404291666667,14.0024694444444,10.2463736334413,ADP.2016-06-25T12:05:07.015,2012-11-19 00:00:00,2015-06-26T06:45:47.910,0.01481,
213,SN2012ga,II,,,,,,313.108924,-5.772636,313.104579166667,-5.771,16.6393037430389,ADP.2017-09-19T14:15:37.681,2012-04-22 00:00:00,2017-07-25T08:30:06.570,nan,
214,SN2012fw,Ia,1,2,2,1,2,315.49607,-48.273692,315.495791666667,-48.2738611111111,0.902993498231639,ADP.2016-09-21T13:42:23.565,2012-08-19 00:00:00,2016-04-13T08:07:05.490,0.01859,
215,SN2012fr,Ia,,,5,1,1,53.401251,-36.124953,53.3999583333333,-36.1271388888889,8.72083701001012,ADP.2018-01-25T14:00:05.184,2012-10-27 00:00:00,2018-01-20T01:17:06.656,0.005476,
216,SN2012fq,Ia,,,1,,,53.135915,-27.851125,53.1370791666667,-27.8558611111111,17.4480049613901,ADP.2016-06-21T05:33:40.704,2012-10-07 00:00:00,2014-11-28T04:41:39.060,0.66827,
217,SN2012fk,Ia,,,1,,,37.712686,22.475913,37.7168291666667,22.4794194444444,18.6894562929993,ADP.2017-09-28T09:19:52.268,2012-10-20 00:00:00,2017-09-08T08:16:01.173,0.03566,
218,SN2012et,Ia,0,1,1,1,,355.661794,27.092244,355.66175,27.0920805555556,0.605062873902799,ADP.2016-09-29T20:36:01.636,2012-09-12 00:00:00,2016-06-09T09:10:14.230,0.02487,
219,SN2012ec,IIP,,,,,,41.499877,-7.578585,41.4995,-7.57416944444444,15.9528300620712,ADP.2017-10-11T08:56:15.932,2012-08-11 00:00:00,2017-09-21T05:30:40.083,nan,
220,SN2012cu,Ia,,,,,,193.372201,2.160881,193.372291666667,2.16083055555556,0.373314959488394,ADP.2016-10-05T16:01:04.005,2012-06-14 00:00:00,2016-07-01T01:30:48.070,0.00343,
221,SN2012cg,Ia,4,1,2,1,,186.803313,9.420536,186.803458333333,9.42033055555556,0.901894027961168,ADP.2016-12-07T15:02:57.251,2012-05-17 00:00:00,2016-05-31T03:09:06.630,0.00162,
222,SN2012bz,Ib/c,,,,,,136.90958,14.019058,136.909920833333,14.01875,1.62684363039152,ADP.2016-07-27T12:09:19.879,2012-04-22 00:00:00,2016-01-10T05:18:55.950,nan,
223,SN2012bu,IIP,,,,,,163.239307,-32.934606,163.235541666667,-32.9354694444444,11.7937141130458,ADP.2016-09-27T05:46:51.982,2012-01-16 00:00:00,2015-12-31T07:27:16.616,nan,
224,SN2012bl,Ia,4,2,1,5,,305.976073,-48.357772,305.980329166667,-48.3548111111111,14.7405041998766,ADP.2017-07-27T20:54:45.427,2012-03-26 00:00:00,2017-06-24T08:16:15.113,0.019167,
225,SN2012au,Ib,,,,,,193.716606,-10.248013,193.717420833333,-10.2472805555556,3.90963052659627,ADP.2016-09-08T08:09:40.538,2012-03-14 00:00:00,2016-04-09T05:51:15.526,nan,
226,SN2012Z,Ia-pec,,,,,,50.526724,-15.394691,50.5222916666667,-15.3876694444444,29.5910281642965,ADP.2016-08-02T04:45:25.118,2012-01-29 00:00:00,2015-10-06T07:44:07.930,nan,
227,SN2012P,Ib/c,,,,,,225.001961,1.891185,224.996329166667,1.89011111111111,20.6290555586633,ADP.2016-09-08T02:00:17.312,2012-01-22 00:00:00,2016-04-07T06:59:37.666,nan,
228,SN2012G,Ia,2,,1,,,189.900047,16.588104,189.89625,16.5866388888889,14.1222808054393,ADP.2016-06-17T18:47:32.919,2012-01-14 00:00:00,2015-05-30T02:29:43.966,0.02599,
229,SN2012E,Ia,2,,1,,,38.342896,9.591971,38.3449583333333,9.58488888888889,26.5257979748893,ADP.2016-07-12T07:19:14.097,2012-01-14 00:00:00,2015-08-02T06:58:27.303,0.020317,
230,SN2011kf,Ic,,,,,,219.239791,16.516074,219.239708333333,16.5157194444444,1.30790106633199,ADP.2016-08-22T14:40:46.198,2011-12-30 00:00:00,2016-03-17T07:12:05.213,nan,
231,SN2011jt,Ia,2,,1,,,223.345962,2.966888,223.345879166667,2.96196944444444,17.709304098441,ADP.2016-06-17T18:25:05.274,2011-12-31 00:00:00,2015-05-29T00:51:31.033,0.028152,
232,SN2011jq,Ia-pec,,,,,,79.173075,6.493948,79.1731208333333,6.49171944444445,8.02447485621557,ADP.2019-02-25T15:20:26.383,2011-12-27 00:00:00,2019-01-24T04:55:16.510,nan,
233,SN2011jn,Ia,,,1,,,194.306408,-17.404834,194.311620833333,-17.4001388888889,24.6243720773151,ADP.2019-04-16T20:55:15.967,2011-12-26 00:00:00,2019-03-19T03:11:41.066,0.048778,
234,SN2011jm,Ic,,,,,,193.714653,2.65283,193.712920833333,2.65413888888889,7.81055721901746,ADP.2017-03-28T14:57:05.766,2011-12-24 00:00:00,2015-05-15T02:14:17.386,nan,
235,SN2011jh,Ia,0,1 2 5,2,1,1,191.814308,-10.062126,191.810079166667,-10.0631388888889,15.4267581071935,ADP.2019-03-07T06:28:16.831,2011-12-22 00:00:00,2019-02-20T06:07:47.996,0.007817,
236,SN2011iy,Ia,0,1,,1,,197.24275,-15.517705,197.243291666667,-15.5178111111111,1.91735652064418,ADP.2016-09-29T05:21:54.104,2011-12-09 00:00:00,2016-05-12T05:18:05.120,0.004116,
237,SN2011iv,Ia,1,1,3,1,1,54.714536,-35.588069,54.7139583333333,-35.5922194444444,15.036999031826,ADP.2017-12-13T01:47:07.213,2011-12-02 00:00:00,2017-11-22T05:52:54.236,0.006498,
238,SN2011is,Ia,,,6,,,210.444135,9.493681,210.4465,9.49688888888889,14.2786921704462,ADP.2018-06-12T09:59:17.809,2011-11-21 00:00:00,2018-05-29T03:15:08.416,0.020684,
239,SN2011io,Ia,,,1,,,345.695637,8.80443,345.698329166667,8.80271944444445,11.3864724770505,ADP.2017-09-22T10:41:54.292,2011-11-27 00:00:00,2017-08-04T08:44:05.333,0.039,
240,SN2011im,Ia,,,1,,,341.10147,-0.161542,341.105129166667,-0.167138888888889,24.0728195831262,ADP.2017-09-22T10:41:54.308,2011-11-26 00:00:00,2017-08-04T07:44:56.560,0.01616,
241,SN2011hk,Ia-pec,,,,,,34.689699,-6.64017,34.6907916666667,-6.64168888888889,6.7205127522958,ADP.2017-12-12T14:16:55.477,2011-10-31 00:00:00,2017-10-02T05:54:02.520,0.017712,
242,SN2011hb,Ia,,,1,,,351.987691,8.778501,351.981291666667,8.77936111111111,22.9772946007105,ADP.2017-10-06T15:09:34.514,2011-10-24 00:00:00,2017-09-15T06:56:53.580,0.029447,
243,SN2011ha,Ia,,,1,,,59.417781,10.164352,59.4202916666667,10.1653305555556,9.56861736614649,ADP.2017-01-20T13:11:44.507,2011-09-30 00:00:00,2016-12-19T04:34:40.500,0.094,
244,SN2011gf,Ia,0,3,1,0,,318.096993,-7.818544,318.101120833333,-7.81446944444445,20.7822773845962,ADP.2017-09-19T14:57:26.094,2011-09-18 00:00:00,2017-07-26T09:54:52.580,0.02765,
245,SN2011fh,IIn,,,,,,194.058456,-29.49849,194.058370833333,-29.4985611111111,0.369793942449919,ADP.2016-06-17T14:40:46.119,2011-08-24 00:00:00,2015-05-17T00:54:14.473,nan,
246,SN2011ei,IIb,,,,,,308.585974,-31.980721,308.59425,-31.9732194444444,36.9866774270607,ADP.2018-04-20T01:04:16.994,2011-07-25 00:00:00,2018-04-14T07:51:58.916,nan,
247,SN2011ee,Ic,,,,,,351.987691,8.778501,351.988920833333,8.77725,6.27915554655554,ADP.2017-10-06T15:09:34.514,2011-06-27 00:00:00,2017-09-15T06:56:53.580,nan,
248,SN2011ce,Ia-pec,,,,,,283.898824,-53.723869,283.899329166667,-53.72475,3.34915676032823,ADP.2016-08-02T05:17:36.565,2011-04-19 00:00:00,2015-10-07T01:01:05.140,nan,
249,SN2011Z,Ia-pec,,,,,,202.679723,-20.951351,202.679329166667,-20.9538888888889,9.23184236559172,ADP.2019-04-16T20:55:15.997,2011-01-29 00:00:00,2019-03-19T04:10:36.573,nan,
250,SN2010lp,Ia-pec,,,,,,43.514116,2.968458,43.5145791666667,2.96206111111111,23.0889240159295,ADP.2018-10-17T12:58:37.305,2010-12-29 00:00:00,2018-08-22T06:44:51.206,0.010074,
251,SN2010ko,Ia,0,9,1,6,,83.206142,-14.095741,83.206,-14.0960805555556,1.31912349632553,ADP.2019-04-16T20:55:15.981,2010-12-05 00:00:00,2019-03-19T02:11:39.286,0.010944,
252,SN2010jo,Ia,1,1,1,6,1,14.395963,-1.390893,14.39825,-1.39261111111111,10.2957415084893,ADP.2017-09-11T14:28:03.988,2010-11-06 00:00:00,2017-07-20T07:49:42.690,0.04516,
253,SN2010hp,II,,,,,,4.710361,-10.362884,4.70837916666667,-10.3612805555556,9.08714982280524,ADP.2016-11-08T07:43:22.621,2010-07-21 00:00:00,2016-08-25T08:17:14.890,nan,
254,SN2010gx,Ic,,,,,,171.444296,-8.827889,171.444629166667,-8.82816944444445,1.55691052246438,ADP.2016-08-08T09:22:52.167,2010-08-13 00:00:00,2016-02-10T05:32:26.740,nan,
255,SN2010gg,II,,,,,,337.855924,-19.03613,337.856129166667,-19.0318888888889,15.2839566606797,ADP.2016-06-22T07:11:10.320,2010-07-12 00:00:00,2014-10-24T23:52:49.843,nan,
256,SN2010ev,Ia,0,2,2,4,1,156.370268,-39.828245,156.370791666667,-39.8308888888889,9.62747579122785,ADP.2016-09-21T13:42:23.507,2010-06-27 00:00:00,2016-04-13T05:57:10.356,0.009242,
257,SN2010el,Ia-pec,,,,,,64.996275,-54.942255,64.9951208333333,-54.9440305555556,6.82300951564526,ADP.2016-07-28T11:30:23.607,2010-06-19 00:00:00,2015-09-24T05:25:03.103,nan,
258,SN2010do,Ic,,,,,,209.374236,6.095233,209.367120833333,6.09681111111111,26.0956813785389,ADP.2019-08-20T12:21:20.808,2010-06-02 00:00:00,2019-07-23T02:20:56.853,nan,
259,SN2010dl,Ia,1,1,1,2,,323.751581,-0.511101,323.754041666667,-0.513280555555556,11.8334683331543,ADP.2017-09-22T10:41:54.300,2010-05-24 00:00:00,2017-08-04T04:45:48.116,0.03016,
260,SN2010bh,Ic,,,,,,107.626836,-56.255448,107.6325,-56.2556111111111,11.3418736900428,ADP.2016-09-20T15:20:40.621,2010-03-22 00:00:00,2015-12-09T06:18:21.146,nan,
261,SN2010ae,Ia-pec,,,,,,108.975854,-57.34294,108.977708333333,-57.3435805555556,4.27707591871923,ADP.2016-07-28T11:30:23.647,2010-02-22 00:00:00,2015-09-24T07:25:34.103,nan,
262,SN2010aa,Ia,0,1 3,2,1,1,27.174889,-48.648041,27.1800416666667,-48.6501888888889,14.4906324866048,ADP.2018-06-02T02:30:18.655,2010-02-09 00:00:00,2018-05-26T08:59:31.416,0.02072,
263,SN2010K,IIP,,,,,,180.695531,2.40215,180.695291666667,2.40168888888889,1.86993334301278,ADP.2020-02-12T22:34:35.877,2010-01-08 00:00:00,2020-02-05T04:27:49.900,nan,
264,SN2010F,II,,,,,,151.344992,-34.220165,151.337708333333,-34.2225,23.2540472591955,ADP.2016-06-17T14:40:46.098,2010-01-13 00:00:00,2015-05-17T01:41:11.203,nan,
265,SN2010A,Ia-pec,,,,,,38.164546,0.619753,38.1644208333333,0.6195,1.01615611722531,ADP.2016-10-17T15:59:37.894,2010-01-04 00:00:00,2016-07-24T07:05:30.110,0.02075,
266,SN2009nr,Ia-pec,,,,,,197.745595,11.491721,197.745620833333,11.4914694444444,0.910174202436181,ADP.2016-10-05T16:52:03.474,2009-12-22 00:00:00,2016-05-22T04:20:11.056,0.01123,
267,SN2009nf,IIb,,,,,,29.736662,-7.282205,29.7373791666667,-7.28286111111111,3.48390965930727,ADP.2019-11-27T05:29:26.753,2009-11-11 00:00:00,2019-10-09T04:26:36.610,nan,
268,SN2009mz,Ia,4,1 2 6 8,5,1,2,210.852161,-6.058746,210.852670833333,-6.05868888888889,1.83669166614929,ADP.2016-09-29T04:18:26.833,2009-12-26 00:00:00,2016-05-10T05:53:37.366,0.008834,
269,SN2009mi,Ic,,,,,,88.153405,-17.787533,88.1592916666667,-17.7840305555556,23.7945214174993,ADP.2018-01-12T09:53:59.902,2009-12-12 00:00:00,2018-01-05T06:21:35.276,nan,
270,SN2009md,II,,,,,,162.109474,12.534202,162.1095,12.5341111111111,0.339717784436388,ADP.2016-06-21T10:36:39.057,2009-12-04 00:00:00,2015-05-15T00:47:22.633,nan,
271,SN2009lq,IIP,,,,,,63.719256,-62.837311,63.7189208333333,-62.8374388888889,0.717904221575785,ADP.2019-11-28T14:12:36.653,2009-11-23 00:00:00,2019-10-15T06:56:47.733,nan,
272,SN2009le,Ia,4,1 2,5,1,1,32.315625,-23.414773,32.3214208333333,-23.4124388888889,20.9096620078851,ADP.2016-10-05T16:01:03.991,2009-11-16 00:00:00,2016-07-01T07:58:00.693,0.017401,
273,SN2009ku,Ia-pec,,,,,,52.47186,-28.086504,52.4717916666667,-28.0867194444444,0.805392762361498,ADP.2017-09-22T11:57:43.914,2009-10-04 00:00:00,2017-08-11T08:02:53.913,nan,
274,SN2009jr,Ia,1,1,0,5,1,306.607788,2.910187,306.608458333333,2.90916944444444,4.38492448300843,ADP.2017-09-20T13:08:51.796,2009-10-08 00:00:00,2017-07-30T02:38:31.576,0.01656,
275,SN2009jh,II-pec,,,,,,222.291366,29.41955,222.292041666667,29.4195611111111,2.11911035300791,ADP.2016-09-07T10:11:23.494,2009-08-02 00:00:00,2016-04-03T06:47:35.720,nan,
276,SN2009iw,Ia,1,5 6,2,4,2,88.866376,-76.920116,88.8568291666667,-76.9210805555556,8.51759671524977,ADP.2016-07-28T11:30:23.655,2009-09-15 00:00:00,2015-09-24T06:24:56.103,0.015989,
277,SN2009ig,Ia,0,1 9 10 12 16,1,,,39.54854,-1.313183,39.5483791666667,-1.31253055555556,2.41907553769737,ADP.2016-10-07T08:50:28.169,2009-08-20 00:00:00,2016-08-20T06:39:44.583,0.008797,
278,SN2009hd,II,,,,,,170.071172,12.973462,170.070670833333,12.9796111111111,22.2065061658002,ADP.2018-05-29T16:52:53.843,2009-07-02 00:00:00,2018-05-14T00:35:40.676,nan,
279,SN2009fk,Ia,0,1,0,1,1,341.10147,-0.161542,341.099579166667,-0.161669444444444,6.82241730056898,ADP.2017-09-22T10:41:54.308,2009-05-29 00:00:00,2017-08-04T07:44:56.560,0.01616,
280,SN2009ev,Ia,,,1,,,198.573377,-42.980008,198.57325,-42.9802194444445,0.831447168787655,ADP.2019-03-08T04:23:18.813,2009-05-27 00:00:00,2019-02-21T07:08:33.360,0.011018,
281,SN2009ds,Ia,0,1 8 9 10,0,2,1 2 3,177.270786,-9.730315,177.267120833333,-9.72913888888889,13.6766875335044,ADP.2017-10-16T10:25:08.202,2009-04-28 00:00:00,2016-06-30T23:28:38.626,0.019217,
282,SN2009dq,IIb,,,,,,152.208063,-67.032525,152.208079166667,-67.0325805555556,0.201285243071456,ADP.2016-09-22T21:00:32.923,2009-04-24 00:00:00,2016-04-19T05:38:20.343,nan,
283,SN2009bb,Ic,,,,,,157.891086,-39.957864,157.891129166667,-39.9583305555556,1.68381853516913,ADP.2016-06-21T11:21:50.184,2009-03-21 00:00:00,2015-05-15T23:16:16.060,nan,
284,SN2009au,IIn,,,,,,194.938716,-29.594226,194.941670833333,-29.6020805555556,29.7507140968155,ADP.2016-09-29T08:33:33.581,2009-03-11 00:00:00,2016-05-12T23:28:26.100,nan,
285,SN2009ag,Ia,,,1,,,107.918356,-26.690306,107.920041666667,-26.6850805555556,19.5773725543089,ADP.2018-10-25T08:36:03.119,2009-02-18 00:00:00,2018-09-26T08:33:31.890,0.008572,
286,SN2009aa,Ia,1,1 2 3 4,1,,,170.922009,-22.271054,170.926170833333,-22.2706888888889,13.9270990487335,ADP.2016-06-09T16:16:30.539,2009-02-03 00:00:00,2015-04-07T04:23:29.536,0.028128,
287,SN2009Y,Ia,0,1,2,1,,220.599835,-17.252668,220.599370833333,-17.2467805555556,21.2547936855404,ADP.2016-09-07T10:11:23.531,2009-02-01 00:00:00,2016-04-03T07:35:46.830,0.009467,
288,SN2009K,IIb,,,,,,69.153348,-0.142984,69.1532083333333,-0.143219444444444,0.98551104661528,ADP.2016-10-12T22:18:14.618,2009-01-14 00:00:00,2016-08-18T07:38:02.570,nan,
289,SN2009J,Ia-pec,,,,,,88.866376,-76.920116,88.8380416666667,-76.9224388888889,24.5504532173289,ADP.2016-07-28T11:30:23.655,2009-01-13 00:00:00,2015-09-24T06:24:56.103,nan,
290,SN2009I,Ia,0,1,0,1,1,41.291521,-4.710646,41.2933291666667,-4.71371944444445,12.8260390691691,ADP.2016-07-11T15:14:15.422,2009-01-13 00:00:00,2015-07-21T07:53:13.960,0.026178,
291,SN2009H,II,,,,,,41.499877,-7.578585,41.4931708333333,-7.58341944444444,29.5905500011143,ADP.2017-10-11T08:56:15.932,2009-01-02 00:00:00,2017-09-21T05:30:40.083,nan,
292,SN2009D,Ia,,,1,,,58.600939,-19.188691,58.5951208333333,-19.1817194444444,31.9565603674874,ADP.2016-07-25T12:05:19.807,2009-01-02 00:00:00,2015-09-04T06:03:33.086,0.025054,
293,SN2008ia,Ia,1,3,2,6,1,132.646381,-61.27794,132.646458333333,-61.2779388888889,0.133848017562571,ADP.2016-09-22T21:00:32.919,2008-12-07 00:00:00,2016-04-19T02:32:33.030,0.02171,
294,SN2008hv,Ia,4,1,1,,,136.895822,3.392775,136.891920833333,3.39225,14.1464116370075,ADP.2016-09-27T05:46:52.031,2008-12-02 00:00:00,2015-12-31T05:27:28.286,0.012584,
295,SN2008hu,Ia,,,1,,,122.313093,-18.659455,122.3115,-18.6536388888889,21.631511051099,ADP.2019-03-08T05:11:20.958,2008-12-01 00:00:00,2019-02-24T03:57:10.980,0.050996,
296,SN2008hj,Ia,2,,1,,,1.006392,-11.173659,1.00795833333333,-11.16875,18.5179993414944,ADP.2016-06-25T12:12:49.406,2008-11-20 00:00:00,2015-06-27T07:15:25.463,0.038639,
297,SN2008ha,Iax,,,,,,353.724695,18.229287,353.719541666667,18.2265,20.2772484400127,ADP.2016-08-12T06:45:17.061,2008-11-07 00:00:00,2015-11-01T03:53:07.733,0.004643,
298,SN2008gz,II,,,,,,171.259648,-9.798182,171.2635,-9.7975,13.8837501984545,ADP.2019-03-06T02:54:12.118,2008-11-05 00:00:00,2019-02-19T07:55:57.203,nan,
299,SN2008go,Ia,2,,1,,,332.683457,-20.787886,332.686791666667,-20.7881111111111,11.2525082192109,ADP.2016-06-17T18:47:32.943,2008-10-22 00:00:00,2015-05-30T06:58:12.160,0.06227,
300,SN2008gg,Ia,,,1,,,21.34387,-18.168463,21.346,-18.1724388888889,16.0607581171338,ADP.2018-09-13T21:33:41.749,2008-10-09 00:00:00,2018-07-31T05:41:33.256,0.032528,
301,SN2008ge,Ia-pec,,,,,,62.100537,-47.897563,62.1028291666667,-47.8965,6.72706746749327,ADP.2016-07-27T15:31:02.100,2008-10-08 00:00:00,2015-09-22T06:56:04.376,0.003633,
302,SN2008fu,Ia,0,1,0,1,1,45.61955,-24.455517,45.61875,-24.4559694444444,3.08639425228508,ADP.2018-09-11T21:30:28.561,2008-09-25 00:00:00,2018-07-24T07:31:40.126,0.052406,
303,SN2008fq,II,,,3,1,,306.275791,-24.807806,306.275791666667,-24.8076694444444,0.491604827069008,ADP.2016-09-29T11:37:56.287,2008-09-15 00:00:00,2016-05-14T07:54:51.686,nan,
304,SN2008fp,Ia,4,4,5,14,6,109.137442,-29.330182,109.135829166667,-29.3254694444444,17.704297192792,ADP.2016-09-22T21:00:32.887,2008-09-11 00:00:00,2016-04-19T01:08:19.733,0.005554,
305,SN2008fl,Ia,0,1,0,3,1,294.189738,-37.553513,294.186829166667,-37.55125,11.6315800095918,ADP.2018-06-02T03:35:25.145,2008-09-07 00:00:00,2018-05-27T06:16:48.416,0.01988,
306,SN2008ff,Ia,,,4,,,303.488644,-44.351131,303.499829166667,-44.3521694444445,29.0348255472502,ADP.2016-06-17T18:13:44.213,2008-09-01 00:00:00,2015-05-28T05:10:03.010,0.018966,
307,SN2008ee,Ia,2,1,2,1,1,14.13603,-1.771878,14.1373291666667,-1.77111111111111,5.42912898867563,ADP.2016-07-25T12:19:49.405,2008-07-16 00:00:00,2015-09-07T03:20:11.686,0.013336,
308,SN2008ec,Ia,0,3 4 5 6 7,0,5,1 4,345.815148,8.874053,345.819,8.87216944444445,15.2873572333842,ADP.2016-07-14T14:17:17.765,2008-07-14 00:00:00,2014-08-19T07:14:53.636,0.01588,
309,SN2008dh,Ia,0,2,1,3,,8.797287,23.254493,8.79717083333333,23.2541888888889,1.16026576283676,ADP.2016-10-14T08:21:03.084,2008-06-08 00:00:00,2016-07-18T08:03:12.026,0.0368,
310,SN2008da,II,,,,,,300.255835,-47.064799,300.239208333333,-47.0674194444444,41.8482979919007,ADP.2019-07-30T09:15:40.948,2008-06-07 00:00:00,2019-06-26T06:26:00.083,nan,
311,SN2008cn,II,,,,,,190.230437,-40.976755,190.231920833333,-40.9700305555556,24.5416674055171,ADP.2016-06-17T15:46:46.101,2008-05-21 00:00:00,2015-05-12T01:16:34.040,nan,
312,SN2008cg,IIn,,,,,,238.563804,10.969752,238.563120833333,10.9736111111111,14.1010439011433,ADP.2016-12-02T09:39:19.079,2008-05-05 00:00:00,2016-05-19T06:39:55.830,nan,
313,SN2008cf,Ia,1,8,1,5,,211.883082,-26.551621,211.885670833333,-26.5518305555556,8.37091481813851,ADP.2016-06-17T17:51:10.735,2008-05-04 00:00:00,2015-05-23T05:42:26.020,0.047142,
314,SN2008cc,Ia,0,1,0,1,1 2,315.874038,-67.18104,315.873420833333,-67.1836388888889,9.39559011845684,ADP.2018-06-02T03:35:25.161,2008-04-24 00:00:00,2018-05-27T05:17:06.416,0.010617,
315,SN2008bq,Ia,0,2,1,1,,100.265811,-38.035575,100.260458333333,-38.0386111111111,18.7030818384693,ADP.2018-10-25T08:36:03.111,2008-04-02 00:00:00,2018-09-26T06:33:44.890,0.034598,
316,SN2008bd,Ia,0,1,0,2,1,154.597786,-13.10381,154.597170833333,-13.1031111111111,3.31400552270695,ADP.2019-04-17T22:54:16.942,2008-03-13 00:00:00,2019-03-26T05:56:38.113,0.030571,
317,SN2008bc,Ia,0,5,1,,,144.642084,-63.973043,144.630120833333,-63.9737805555556,19.0830899111336,ADP.2016-06-17T18:05:10.567,2008-03-13 00:00:00,2015-05-26T23:06:52.846,0.015203,
318,SN2008aw,II,,,,,,196.058692,-10.320803,196.058829166667,-10.3200805555556,2.64578398032832,ADP.2016-12-07T15:02:57.223,2008-03-02 00:00:00,2016-05-31T04:14:04.560,nan,
319,SN2008ar,Ia,0,3,1,2,3,186.158508,10.839321,186.158,10.8381694444444,4.51799105817285,ADP.2016-06-17T18:47:32.895,2008-02-27 00:00:00,2015-05-30T01:28:36.906,0.02617,
320,SN2008aq,IIb,,,,,,192.626175,-10.86777,192.62675,-10.8670611111111,3.262712389963,ADP.2016-10-06T17:28:20.481,2008-02-27 00:00:00,2016-05-27T04:03:00.630,nan,
321,SN2008ae,Ia-pec,,,,,,149.014894,10.499633,149.013329166667,10.4996694444444,5.54062804672147,ADP.2016-09-06T12:24:38.625,2008-02-09 00:00:00,2015-11-24T07:19:22.643,nan,
322,SN2008V,IIb,,,,,,67.380564,-26.710845,67.3804208333333,-26.7110611111111,0.904019661065611,ADP.2016-10-12T22:18:14.594,2008-02-06 00:00:00,2016-08-18T06:33:02.320,nan,
323,SN2008O,Ia,,,,,,104.396365,-45.812045,104.393579166667,-45.8123111111111,7.05568025300044,ADP.2019-12-05T12:27:49.002,2008-01-22 00:00:00,2019-11-01T07:33:44.713,0.039913,
324,SN2008J,IIn,,,,,,38.602183,-10.843396,38.6008291666667,-10.8440305555556,5.30393093767269,ADP.2016-10-17T15:13:50.878,2008-01-15 00:00:00,2016-07-21T08:29:08.380,nan,
325,SN2008C,Ia,4,1,5,1,1,104.299703,20.444605,104.298041666667,20.4371388888889,27.4560380640168,ADP.2016-06-21T00:31:05.342,2008-01-03 00:00:00,2015-04-11T23:22:50.903,0.016742,
326,SN2007tc,Ia,,,4,,,18.68378,0.28572,18.6954208333333,0.285169444444444,41.9533238831959,ADP.2016-09-02T06:38:54.627,2007-10-04 00:00:00,2015-11-15T02:14:21.606,0.6,
327,SN2007st,Ia,0,1,2,1,1 2,27.174889,-48.648041,27.1769583333333,-48.6493888888889,6.91154594660841,ADP.2018-06-02T02:30:18.655,2007-12-22 00:00:00,2018-05-26T08:59:31.416,0.021371,
328,SN2007sr,Ia,2,,1,,,180.46996,-18.97255,180.47,-18.9726888888889,0.518212497510449,ADP.2016-09-23T12:53:30.290,2007-12-18 00:00:00,2016-04-23T04:59:29.356,0.005593,
329,SN2007so,Ia,0,1,0,2,1,41.931785,13.255551,41.9297083333333,13.2541111111111,8.93432103395189,ADP.2016-07-11T15:28:11.087,2007-12-13 00:00:00,2015-07-24T08:28:44.563,0.029761,
330,SN2007rz,Ic,,,,,,67.792628,7.63107,67.7951708333333,7.63096944444445,9.08034717221543,ADP.2016-10-12T22:28:53.095,2007-12-08 00:00:00,2016-08-19T07:30:50.410,nan,
331,SN2007rw,IIb,,,,,,189.514191,-2.26336,189.515170833333,-2.26113888888889,8.73837395419906,ADP.2016-09-23T12:53:30.251,2007-11-29 00:00:00,2016-04-23T06:49:34.163,nan,
332,SN2007on,Ia,,,1,,,54.712724,-35.579568,54.7120791666667,-35.575,16.552831986137,ADP.2018-09-15T14:08:26.377,2007-11-05 00:00:00,2018-08-03T07:26:32.256,0.006498,
333,SN2007ol,Ia,0,1,0,1,1,24.346043,-0.311802,24.34875,-0.312,9.77108963276148,ADP.2016-07-11T15:19:32.567,2007-10-29 00:00:00,2015-07-23T06:40:59.000,0.05603,
334,SN2007od,II,,,,,,358.95983,18.405891,358.952829166667,18.4152194444444,41.226348892895,ADP.2020-01-09T08:38:15.214,2007-11-02 00:00:00,2019-11-13T03:08:35.693,nan,
335,SN2007nq,Ia,0,1,1,,,14.395963,-1.390893,14.3898708333333,-1.38861111111111,23.413753463461,ADP.2017-09-11T14:28:03.988,2007-10-21 00:00:00,2017-07-20T07:49:42.690,0.04516,
336,SN2007mm,Ia,2,,1,5,,16.44175,-0.758461,16.4444583333333,-0.758830555555556,9.83950195507309,ADP.2016-06-25T12:12:49.445,2007-10-09 00:00:00,2015-06-27T09:12:50.126,0.06651,
337,SN2007le,Ia,4,1,5,1,1,354.701754,-6.522438,354.701708333333,-6.52258055555556,0.538565551006272,ADP.2016-10-06T16:52:10.865,2007-10-13 00:00:00,2016-05-26T08:15:32.513,0.006736,
338,SN2007hx,Ia,0,4,1,3,,31.612653,-0.899239,31.6128291666667,-0.899530555555555,1.22628328802966,ADP.2016-07-11T15:19:32.583,2007-09-03 00:00:00,2015-07-23T08:42:08.186,0.0798,
339,SN2007hj,Ia,1,1,0,1,1,345.451412,15.583115,345.449541666667,15.5865,13.8044268684479,ADP.2016-06-24T10:28:35.809,2007-09-01 00:00:00,2015-06-05T09:20:30.693,0.014253,
340,SN2007fs,Ia,4,1,1,,,330.416809,-21.510859,330.4185,-21.5082194444444,11.0622062096233,ADP.2016-10-05T16:52:03.482,2007-07-15 00:00:00,2016-05-22T07:37:41.556,0.017269,
341,SN2007fb,Ia,,,1,1,,359.218255,5.50905,359.218208333333,5.50883055555556,0.807504725568649,ADP.2016-09-29T20:36:01.644,2007-07-03 00:00:00,2016-06-09T08:00:32.670,0.018006,
342,SN2007cq,Ia,0,3,1,1,1,333.669728,5.078707,333.668458333333,5.08025,7.18221719198268,ADP.2017-09-22T10:41:54.323,2007-06-21 00:00:00,2017-08-04T05:45:17.590,0.026335,
343,SN2007cg,Ia,0,2,0,1,2,201.391694,-24.651985,201.389920833333,-24.65225,5.87951173732433,ADP.2016-06-17T18:13:44.235,2007-05-11 00:00:00,2015-05-28T04:05:28.523,0.033096,
344,SN2007ca,Ia,,,1,,,202.768652,-15.100634,202.774208333333,-15.1018305555556,19.7866231579811,ADP.2017-09-13T11:27:55.961,2007-04-25 00:00:00,2017-07-24T01:50:23.903,0.01413,
345,SN2007bm,Ia,3,1 2 3 4,0,2,1 2 3,171.259648,-9.798182,171.259579166667,-9.79828055555556,0.430708183615462,ADP.2019-03-06T02:54:12.118,2007-04-20 00:00:00,2019-02-19T07:55:57.203,0.06264,
346,SN2007bc,Ia,1,1,1,,,169.814238,20.813824,169.810708333333,20.8090305555556,20.9490838240342,ADP.2016-06-17T18:25:05.260,2007-04-04 00:00:00,2015-05-29T00:36:19.483,0.02075,Look like a lense galaxy
347,SN2007ba,Ia-pec,,,,,,229.174451,7.397163,229.177629166667,7.39661111111111,11.5188246772288,ADP.2016-06-17T18:13:44.247,2007-03-29 00:00:00,2015-05-28T02:08:45.310,0.03825,
348,SN2007as,Ia,0,3,0,13,2,141.909985,-80.178486,141.900041666667,-80.1775611111111,6.95512233630354,ADP.2018-10-25T10:18:13.394,2007-03-13 00:00:00,2018-09-28T07:39:26.890,0.0176,
349,SN2007al,Ia,0,15,0,7,1,149.828974,-19.472887,149.827,-19.4738305555556,7.51177563392732,ADP.2017-03-28T14:09:36.373,2007-03-10 00:00:00,2015-05-31T00:26:34.023,0.012152,
350,SN2007ai,Ia,0,7 8 14,1,,,243.222754,-21.626603,243.223920833333,-21.6301888888889,13.4868571491656,ADP.2018-06-02T02:30:18.663,2007-03-06 00:00:00,2018-05-26T05:57:07.416,0.033045,
351,SN2007af,Ia,,,1,,,215.587496,-0.393815,215.58775,-0.393811111111111,0.914485571109526,ADP.2016-10-09T17:53:52.615,2007-03-01 00:00:00,2016-05-30T05:33:01.886,0.005525,
352,SN2007S,Ia,0,2,1,3,1,150.129144,4.407219,150.13025,4.40728055555556,3.9760067201901,ADP.2016-06-25T12:12:49.422,2007-01-29 00:00:00,2015-06-26T23:08:01.983,0.01388,
353,SN2007C,Ib,,,,,,197.203148,-6.777815,197.205420833333,-6.78361111111111,22.392075866002,ADP.2016-10-09T19:03:51.688,2007-01-07 00:00:00,2016-06-01T02:14:08.836,nan,
354,SN2006py,Ia,0,3,1,1,,340.424876,-0.137014,340.425208333333,-0.136919444444444,1.24387979339918,ADP.2016-06-24T10:28:35.817,2006-11-15 00:00:00,2015-06-05T07:21:07.693,0.05783,
355,SN2006ov,II,,,,,,185.478731,4.489804,185.480420833333,4.48796944444444,8.96655803576435,ADP.2020-02-07T13:16:50.799,2006-11-24 00:00:00,2020-01-30T07:08:39.390,nan,
356,SN2006ot,Ia-pec,,,,,,33.768932,-20.767464,33.7701708333333,-20.7661694444444,6.25369190192269,ADP.2016-07-11T13:38:27.862,2006-11-22 00:00:00,2015-07-11T07:16:34.186,0.0505,
357,SN2006os,Ia,0,1,0,1,1,43.752525,16.012616,43.7542083333333,16.0096694444444,12.1016891991484,ADP.2016-07-11T15:14:15.414,2006-11-21 00:00:00,2015-07-21T08:52:00.403,0.032826,
358,SN2006ob,Ia,0,1 4,0,1,1 3,27.952244,0.263593,27.9504583333333,0.263419444444444,6.45862427642852,ADP.2016-07-11T14:04:30.018,2006-11-13 00:00:00,2015-07-13T08:34:55.376,0.05916,A stripe at the lower right can be removed
359,SN2006my,II,,,,,,190.924981,16.394413,190.91975,16.38725,31.4856964321215,ADP.2016-06-21T11:21:50.140,2006-11-08 00:00:00,2015-05-16T00:04:38.690,nan,
360,SN2006ms,II,,,,,,309.584657,-52.110777,309.5855,-52.1155305555556,17.2139837865149,ADP.2019-06-07T04:01:46.396,2006-11-06 00:00:00,2019-05-01T09:09:26.510,nan,
361,SN2006mr,Ia-pec,,,,,,50.676587,-37.206238,50.6785,-37.2079194444444,8.16864492817319,ADP.2018-09-11T21:30:28.509,2006-11-05 00:00:00,2018-07-24T08:30:49.256,0.005911,
362,SN2006lu,Ia,1,41,1,3,1,138.820817,-25.599895,138.823458333333,-25.6000805555556,8.60132449548153,ADP.2016-06-14T09:15:58.860,2006-10-30 00:00:00,2015-04-13T01:19:19.340,0.054,
363,SN2006lc,Ib/c,,,,,,341.10147,-0.161542,341.101879166667,-0.164969444444444,12.4264112608473,ADP.2017-09-22T10:41:54.308,2006-10-21 00:00:00,2017-08-04T07:44:56.560,nan,
364,SN2006is,Ia,2,,0,1,,79.391799,-23.781509,79.3932083333333,-23.7817194444444,4.70420170867321,ADP.2016-07-12T07:27:20.827,2006-09-18 00:00:00,2015-08-03T08:46:56.390,0.0314418,
365,SN2006hx,Ia,0,3,0,2,1,18.48761,0.37188,18.4887916666667,0.371669444444444,4.32091634847348,ADP.2016-06-25T11:26:36.852,2006-09-28 00:00:00,2015-06-21T08:28:20.430,0.04539,
366,SN2006hb,Ia,1,1,1,,,75.504206,-21.134181,75.5053291666667,-21.1319694444444,8.8097111655121,ADP.2018-10-17T14:54:22.224,2006-09-27 00:00:00,2018-08-29T07:08:45.210,0.015294,
367,SN2006gt,Ia-pec,,,,,,14.07513,-1.625605,14.0720791666667,-1.62943888888889,17.635877871668,ADP.2016-06-25T11:26:36.822,2006-09-18 00:00:00,2015-06-21T07:26:30.023,0.04477,
368,SN2006fw,Ia,1,2,1,2,5,26.791747,-0.146726,26.7930791666667,-0.147,4.8961751895881,ADP.2016-06-25T11:26:36.844,2006-09-11 00:00:00,2015-06-21T09:31:28.386,0.0835,
369,SN2006fo,Ic,,,,,,38.164546,0.619753,38.1620416666667,0.6175,12.1266914235522,ADP.2016-10-17T15:59:37.894,2006-09-16 00:00:00,2016-07-24T07:05:30.110,nan,
370,SN2006et,Ia,0,5,0,1,1,10.691135,-23.56164,10.6909208333333,-23.5584388888889,11.5456504530213,ADP.2016-06-25T12:12:49.414,2006-09-03 00:00:00,2015-06-27T08:13:35.970,0.022345,
371,SN2006eq,Ia,1,1,1,3,,322.154136,1.228238,322.154708333333,1.22811111111111,2.10996778496261,ADP.2016-06-17T17:51:10.797,2006-08-26 00:00:00,2015-05-23T07:40:54.386,0.048358,
372,SN2006ej,Ia,1,3,2,1,1,9.751166,-9.014891,9.74904166666667,-9.01571944444444,8.12061664493538,ADP.2016-06-24T11:45:22.441,2006-08-23 00:00:00,2015-06-18T07:11:32.086,0.020264,
373,SN2006ef,Ia,0,1,1,,,31.079275,-8.735197,31.0812916666667,-8.72838888888889,25.5380849284627,ADP.2016-07-11T14:04:30.052,2006-08-18 00:00:00,2015-07-13T07:33:37.840,0.01781,
374,SN2006dd,Ia,,,3,1,1,50.676587,-37.206238,50.6734208333333,-37.2036111111111,13.1091069316942,ADP.2018-09-11T21:30:28.509,2006-06-19 00:00:00,2018-07-24T08:30:49.256,0.005911,
375,SN2006cx,II,,,,,,338.985489,20.322908,338.985208333333,20.3214194444444,5.44192130955339,ADP.2019-06-16T06:18:07.682,2006-06-08 00:00:00,2019-05-21T09:19:46.473,nan,
376,SN2006cu,IIn,,,,,,221.927093,9.659775,221.930458333333,9.65941944444445,12.0118253081248,ADP.2016-10-05T16:52:03.498,2006-05-29 00:00:00,2016-05-22T05:24:24.860,nan,
377,SN2006cm,Ia,1,1,0,1,1,320.073057,-1.684236,320.07275,-1.68408055555556,1.23837156783735,ADP.2016-12-02T09:39:19.087,2006-05-24 00:00:00,2016-05-19T07:44:29.680,0.016341,
378,SN2006ca,II,,,,,,275.725736,12.434508,275.725620833333,12.4342194444444,1.11491214464285,ADP.2016-09-25T07:08:29.984,2006-05-04 00:00:00,2016-04-25T09:04:03.996,nan,
379,SN2006bt,Ia-pec,,,,,,239.127381,20.046256,239.127208333333,20.046,1.09102444168792,ADP.2016-06-17T18:13:44.261,2006-04-26 00:00:00,2015-05-28T01:07:06.030,0.03208,
380,SN2006br,Ia,0,1,0,2,1,202.508525,13.416379,202.5075,13.4157805555556,4.18623152125872,ADP.2016-06-24T10:20:34.507,2006-04-25 00:00:00,2015-06-04T00:02:34.060,0.02468,
381,SN2006bh,Ia,,,1,,,340.073164,-66.4829,340.067079166667,-66.4850805555556,11.7480457909918,ADP.2018-06-02T03:35:25.169,2006-04-02 00:00:00,2018-05-27T07:17:16.423,0.1094,
382,SN2006be,II,,,,,,236.414081,28.095753,236.4125,28.0886694444444,25.9904217237918,ADP.2016-09-25T07:08:29.992,2006-03-24 00:00:00,2016-04-25T07:59:27.470,nan,
383,SN2006Y,II,,,,,,108.321993,-51.688383,108.321629166667,-51.6885611111111,1.03463552938545,ADP.2019-11-29T11:13:19.086,2006-02-03 00:00:00,2019-10-16T07:26:55.390,nan,
384,SN2006X,Ia,,,1,,,185.724916,15.809299,185.724958333333,15.8091888888889,0.422652195871299,ADP.2016-10-17T15:13:50.874,2006-02-04 00:00:00,2016-07-20T23:42:44.640,0.005251,
385,SN2006E,Ia,,,1,,,208.369362,5.20656,208.369370833333,5.20633055555556,0.826606867168864,ADP.2016-09-30T12:42:02.358,2006-01-12 00:00:00,2016-05-16T03:50:09.280,0.00269,
386,SN2006D,Ia,0,1,2,2,1 3,193.144511,-9.777183,193.141420833333,-9.77521944444445,13.0444046330722,ADP.2016-06-17T17:51:10.811,2006-01-11 00:00:00,2015-05-23T04:44:27.316,0.008563,
387,SN2005na,Ia,0,2,2,3,2 9,105.404168,14.13663,105.402579166667,14.13325,13.3725559534382,ADP.2016-06-21T00:31:05.284,2005-12-31 00:00:00,2015-04-11T23:38:57.626,0.026285,
388,SN2005lw,II,,,,,,167.013312,-12.48572,167.013370833333,-12.4859388888889,0.814681806327252,ADP.2016-09-22T21:19:20.273,2005-12-14 00:00:00,2016-04-21T05:21:02.500,nan,
389,SN2005lu,Ia,0,2 5,3,1,1 2 4,39.016819,-17.26375,39.0154583333333,-17.2638888888889,4.70436573445611,ADP.2016-06-24T11:45:22.429,2005-12-11 00:00:00,2015-06-18T09:34:52.630,0.032724,
390,SN2005ku,Ia,0,2,0,1,1,344.92514,-0.013394,344.927541666667,-0.013688888888889,8.71093028223113,ADP.2016-06-17T18:47:32.872,2005-11-10 00:00:00,2015-05-30T07:57:36.186,0.04542,
391,SN2005ki,Ia,0,1,1,,,160.117281,9.198173,160.117579166667,9.20233055555556,15.0046595959056,ADP.2019-04-17T22:54:16.934,2005-11-18 00:00:00,2019-03-26T02:58:09.573,0.01946,
392,SN2005ke,Ia-pec,,,,,,53.773701,-24.942006,53.7681291666667,-24.9441111111111,19.7033979398853,ADP.2017-09-28T09:19:52.276,2005-11-13 00:00:00,2017-09-08T07:15:53.116,0.004884,
393,SN2005ir,Ia,,,0,1,1,19.182868,0.793894,19.1823291666667,0.794561111111111,3.08703476050437,ADP.2016-06-24T11:45:22.413,2005-10-28 00:00:00,2015-06-18T08:15:54.050,0.07633,
394,SN2005iq,Ia,1,1,1,,,359.634173,-18.711113,359.635420833333,-18.7091694444444,8.18892904976468,ADP.2018-09-13T01:03:07.237,2005-11-05 00:00:00,2018-07-25T08:48:32.253,0.034643,
395,SN2005hk,Ia-pec,,,,,,6.958143,-1.200066,6.96195833333333,-1.19791944444444,15.7571862350574,ADP.2016-08-11T11:23:24.107,2005-10-30 00:00:00,2015-10-17T04:35:39.113,nan,
396,SN2005hj,Ia,0,1,1,1,1,21.700133,-1.237564,21.7011208333333,-1.238,3.88642525950012,ADP.2016-07-11T15:19:32.575,2005-10-26 00:00:00,2015-07-23T07:42:58.000,0.05742,
397,SN2005hc,Ia,0,2,1,1,2,29.202226,-0.212228,29.19975,-0.213669444444444,10.3140178439037,ADP.2016-07-12T07:19:14.082,2005-10-12 00:00:00,2015-08-02T08:57:47.850,0.04589,
398,SN2005gn,IIn,,,,,,87.20462,-24.379122,87.2044583333333,-24.3793111111111,0.862844147627427,ADP.2016-10-07T08:50:28.195,2005-10-12 00:00:00,2016-08-20T08:58:05.246,nan,
399,SN2005gj,Ia-pec,,,,,,45.299911,-0.553647,45.2997916666667,-0.553861111111111,0.882423685850051,ADP.2016-07-12T07:19:14.074,2005-09-26 00:00:00,2015-08-02T07:59:06.396,nan,
400,SN2005dm,Ia-pec,,,,,,34.661817,-6.903303,34.6635416666667,-6.903,6.25956556140638,ADP.2019-08-31T04:08:59.471,2005-08-26 00:00:00,2019-08-11T09:09:34.206,nan,
401,SN2005cu,II,,,,,,287.856458,-50.640446,287.852129166667,-50.6413305555556,10.3832776677614,ADP.2018-08-02T18:48:39.520,2005-07-10 00:00:00,2017-06-18T03:56:32.113,nan,
402,SN2005bs,Ia,0,2 3 4 5,1,,,302.561478,-56.638979,302.558791666667,-56.6454388888889,23.8558216351322,ADP.2016-09-29T08:33:33.612,2005-04-19 00:00:00,2016-05-13T08:32:46.426,0.0552,
403,SN2005bg,Ia,0,1,0,1,1,184.321974,16.37173,184.321579166667,16.3715611111111,1.49315950465621,ADP.2016-06-17T18:47:32.927,2005-03-28 00:00:00,2015-05-29T23:26:37.860,0.02303,
404,SN2005be,Ia,5,1,1,,,224.887575,16.669927,224.886329166667,16.6698888888889,4.29870022633666,ADP.2016-06-17T18:47:32.864,2005-04-05 00:00:00,2015-05-30T00:29:56.886,0.03356,
405,SN2005al,Ia,0,2,2,1,2,207.503743,-30.577172,207.501370833333,-30.5761694444444,8.19042993394175,ADP.2018-05-18T04:03:44.301,2005-02-24 00:00:00,2018-05-10T03:50:21.676,0.012399,
406,SN2005ag,Ia,0,11,1,3,,224.179287,9.328555,224.181870833333,9.32846944444444,9.18395143684353,ADP.2016-06-17T18:25:05.248,2005-02-10 00:00:00,2015-05-29T01:52:14.596,0.07967,
407,SN2005Z,II,,,,,,161.288155,22.077528,161.28825,22.0773111111111,0.842667864228006,ADP.2016-10-06T16:52:10.893,2005-01-31 00:00:00,2016-05-26T01:33:27.406,nan,
408,SN2005M,Ia,1,5,1,,,144.387531,23.20339,144.384829166667,23.20075,13.047921118213,ADP.2016-06-24T10:28:35.797,2005-01-19 00:00:00,2015-06-04T23:33:59.696,0.022012,
409,SN2005H,II,,,,,,32.410824,-10.146051,32.4105,-10.1454388888889,2.4847789150673,ADP.2016-10-10T22:58:12.166,2005-01-15 00:00:00,2016-08-08T06:24:19.060,nan,
410,SN2004gt,Ib/c,,,,,,180.460818,-18.869614,180.459879166667,-18.8701888888889,3.80938747288373,ADP.2016-06-17T14:24:04.401,2004-12-12 00:00:00,2015-05-13T00:39:41.940,nan,
411,SN2004gs,Ia,0,3,1,,,129.599909,17.631153,129.596579166667,17.6277194444444,16.8317145447319,ADP.2016-06-17T18:35:00.703,2004-12-12 00:00:00,2015-05-30T23:21:03.213,0.0274,
412,SN2004gc,Ia,0,6,0,5,8,80.454335,6.679369,80.4581208333333,6.67603055555556,18.1019300396691,ADP.2019-03-08T05:11:20.934,2004-11-18 00:00:00,2019-02-24T01:57:33.526,0.030475,
413,SN2004ff,Ic,,,,,,74.696004,-21.569216,74.6924583333333,-21.57,12.2014515198175,ADP.2016-10-07T08:50:28.177,2004-10-30 00:00:00,2016-08-20T07:48:07.416,nan,
414,SN2004fd,Ia,,,,,,40.812393,32.425107,40.8135416666667,32.4237805555556,5.91491838562639,ADP.2016-10-18T11:47:54.799,2004-10-21 00:00:00,2016-08-22T08:52:55.550,0.017255,
415,SN2004ey,Ia,0,1,1,,,327.279282,0.447342,327.282541666667,0.444219444444444,16.2499776240918,ADP.2016-06-24T10:28:35.821,2004-10-14 00:00:00,2015-06-05T05:52:59.693,0.015824,
416,SN2004ef,Ia,0,1,2,3,1,340.545843,19.997112,340.54175,19.9945611111111,16.6149956776046,ADP.2016-06-24T10:28:35.837,2004-09-04 00:00:00,2015-06-05T08:09:56.696,0.03097,
417,SN2004do,Ia,1,1,0,6,1,283.898824,-53.723869,283.8905,-53.723,18.0044973840213,ADP.2016-08-02T05:17:36.565,2004-08-04 00:00:00,2015-10-07T01:01:05.140,0.008606,
418,SN2004dk,Ib,,,,,,245.453911,-2.271082,245.453879166667,-2.27146944444444,1.39949261269207,ADP.2016-12-02T09:39:19.061,2004-08-01 00:00:00,2016-05-19T08:48:19.866,nan,
419,SN2004dg,II,,,,,,225.001961,1.891185,224.995670833333,1.89043888888889,22.7911005099975,ADP.2016-09-08T02:00:17.312,2004-07-19 00:00:00,2016-04-07T06:59:37.666,nan,
420,SN2004cx,II,,,,,,356.966371,-30.521877,356.97025,-30.5257194444444,18.3316052982966,ADP.2017-06-14T09:12:09.334,2004-06-26 00:00:00,2016-06-05T08:59:39.410,nan,
421,SN2004cs,Ia,0,6 12,0,1,2 3,267.557944,14.28676,267.559920833333,14.2831888888889,14.5890112574555,ADP.2016-08-17T10:26:59.052,2004-06-23 00:00:00,2016-03-09T08:29:29.710,0.01406,
422,SN2004bv,Ia,,,5,21,,306.270572,-24.813988,306.276420833333,-24.8149194444444,19.4036860333628,ADP.2019-06-20T08:32:33.634,2004-05-24 00:00:00,2019-05-20T05:54:12.686,0.010649,
423,SN2004aw,Ic,,,,,,179.459453,25.265652,179.459329166667,25.2653111111111,1.29172503148703,ADP.2016-10-06T10:17:55.848,2004-03-19 00:00:00,2016-05-23T01:05:46.563,nan,
424,SN2003lw,Ic,,,,,,120.625405,-39.850642,120.625829166667,-39.8508305555555,1.35464519858464,ADP.2016-09-20T15:56:32.749,2003-12-03 00:00:00,2015-12-10T06:03:25.823,nan,
425,SN2003ic,Ia,1,1,2,12,1,10.460548,-9.303528,10.4592916666667,-9.30528055555556,7.72832487942647,ADP.2018-09-20T04:52:51.377,2003-09-16 00:00:00,2018-08-10T08:01:21.256,0.05536,
426,SN2003hg,II,,,,,,357.850638,20.11076,357.850541666667,20.1106388888889,0.544194437728045,ADP.2016-10-05T16:01:04.017,2003-08-18 00:00:00,2016-07-01T06:43:32.883,nan,
427,SN2003gh,Ia,1,3 4 5,2,1,1 2 3,116.325555,-71.409466,116.324708333333,-71.4103611111111,3.36571531440152,ADP.2017-12-20T14:19:23.117,2003-06-29 00:00:00,2017-12-02T04:15:12.286,0.017933,
428,SN2003em,Ia,4,1,5,1,1,32.335469,-23.414811,32.3342916666667,-23.4147194444444,3.90331806256512,ADP.2016-10-13T21:08:20.704,2003-05-27 00:00:00,2016-07-16T07:24:13.360,0.017401,
429,SN2003dt,Ia,,,5,9,,311.827478,0.312824,311.823170833333,0.311888888888889,15.8667998343123,ADP.2016-09-27T12:16:49.269,2003-04-21 00:00:00,2016-06-04T05:22:12.383,0.01401,
430,SN2003bn,II,,,,,,150.648067,-21.181631,150.647958333333,-21.1818111111111,0.743962262192118,ADP.2020-02-13T11:17:15.801,2003-02-27 00:00:00,2020-02-06T07:18:30.786,nan,
431,SN2003bl,II,,,,,,209.374473,6.094798,209.377708333333,6.09343888888889,12.5725038098857,ADP.2019-08-24T12:17:02.737,2003-03-02 00:00:00,2019-07-31T01:24:06.376,nan,
432,SN2003H,Ib/c,,,,,,94.107008,-21.373227,94.107,-21.3732805555556,0.194656403442737,ADP.2018-04-05T08:26:13.265,2003-01-08 00:00:00,2017-11-17T06:13:03.936,nan,
433,SN2003E,II,,,,,,69.795578,-24.179084,69.7953291666667,-24.1768111111111,8.22310864537634,ADP.2019-11-28T14:12:36.609,2003-01-05 00:00:00,2019-10-15T05:57:04.386,nan,
434,SN2003D,Ia-pec,,,,,,144.725499,-4.848392,144.723,-4.85141944444444,14.1117160697813,ADP.2018-01-23T14:32:55.736,2003-01-06 00:00:00,2018-01-17T04:40:35.656,nan,
435,SN2002jg,Ia,0,1 3 6,1,2,,334.867514,29.389651,334.87,29.3845805555556,19.8495028090166,ADP.2016-10-07T07:11:23.283,2002-11-23 00:00:00,2016-05-25T09:26:02.403,0.01616,
436,SN2002ig,II,,,,,,24.153122,0.924073,24.153,0.923780555555556,1.14071658386487,ADP.2019-11-28T13:05:53.667,2002-10-29 00:00:00,2019-10-08T05:31:18.610,nan,
437,SN2002hy,Ib,,,,,,163.667653,-21.067357,163.66325,-21.0614388888889,25.9365197795744,ADP.2016-09-06T14:24:08.248,2002-11-12 00:00:00,2015-12-01T06:43:28.196,nan,
438,SN2002ha,Ia,,,5,9,,311.827478,0.312824,311.827420833333,0.312669444444444,0.593239696960081,ADP.2016-09-27T12:16:49.269,2002-10-21 00:00:00,2016-06-04T05:22:12.383,0.01401,
439,SN2002fk,Ia,0,1,0,1,1 2 3 4,50.528267,-15.399367,50.5237916666667,-15.4008888888889,16.470664051572,ADP.2016-07-25T12:56:04.451,2002-09-17 00:00:00,2015-09-10T06:06:11.030,0.007138,
440,SN2002cx,Ia-pec,,,,,,198.455657,6.962204,198.457170833333,6.95886111111111,13.1943520454164,ADP.2016-08-01T13:06:16.069,2002-05-12 00:00:00,2016-01-20T06:37:48.426,nan,
441,SN2002cr,Ia,,,1,,,211.656761,-5.439212,211.656620833333,-5.43941944444445,0.900024179117037,ADP.2016-09-30T12:42:02.370,2002-05-01 00:00:00,2016-05-15T23:46:29.103,0.009526,
442,SN2002J,Ic,,,,,,163.667653,-21.067357,163.659829166667,-21.0648888888889,27.7445938818206,ADP.2016-09-06T14:24:08.248,2002-01-21 00:00:00,2015-12-01T06:43:28.196,nan,
443,SN2001fv,II,,,,,,166.010828,28.037045,166.006920833333,28.0321388888889,21.5890663187432,ADP.2016-06-17T14:40:46.107,2001-11-10 00:00:00,2015-05-16T23:20:39.056,nan,
444,SN2001el,Ia,,,1,,,56.127499,-44.640637,56.1273791666667,-44.6399194444444,2.60137341103763,ADP.2016-10-17T15:59:37.906,2001-09-17 00:00:00,2016-07-24T08:09:09.140,0.003895,
445,SN2001du,IIP,,,,,,53.361579,-36.140594,53.37125,-36.142,28.5678381708663,ADP.2019-01-30T20:25:13.992,2001-08-24 00:00:00,2018-12-05T04:08:59.143,nan,
446,SN2001db,II,,,,,,156.963793,-43.903952,156.96,-43.9058305555556,11.9383881468876,ADP.2016-09-08T02:00:17.357,2001-01-09 00:00:00,2016-04-06T23:46:55.973,nan,
447,SN2001da,Ia,0,1,0,1,1,358.384315,8.11831,358.386579166667,8.11738888888889,8.72409630540769,ADP.2016-10-05T16:52:03.490,2001-07-09 00:00:00,2016-05-22T08:47:11.656,0.017195,
448,SN2001cp,Ia,2,,1,,,257.762307,5.841557,257.76075,5.84078055555556,6.23746741316064,ADP.2018-04-27T15:39:34.748,2001-06-19 00:00:00,2018-04-17T08:50:10.116,0.022409,
449,SN2001J,II,,,,,,135.175227,17.622425,135.180129166667,17.621,17.58462499864,ADP.2019-03-05T00:48:49.931,2001-01-15 00:00:00,2019-02-11T02:49:16.870,nan,
450,SN2001E,Ia,0,8 9 10,0,2,1 2 3,177.270786,-9.730315,177.270829166667,-9.73636111111111,21.7665388824659,ADP.2017-10-16T10:25:08.202,2001-01-05 00:00:00,2016-06-30T23:28:38.626,0.019217,
451,SN2001A,Ia,5,3,0,9,2,184.846675,5.825123,184.845879166667,5.82791944444444,10.4628939427799,ADP.2016-09-22T13:48:58.454,2001-01-01 00:00:00,2016-04-17T01:04:48.610,0.00731,
452,SN2000fs,Ia,1,1,0,2,1,47.109829,4.110938,47.1093291666667,4.11108055555556,1.86670144365365,ADP.2018-11-12T14:39:55.596,2000-09-06 00:00:00,2018-11-03T07:42:47.820,0.03,
453,SN2000ey,Ia,2,,6,,,349.854926,5.906396,349.855,5.90586111111111,1.94374712529961,ADP.2016-06-21T08:30:08.220,2000-11-11 00:00:00,2014-10-13T23:51:21.416,0.020287,
454,SN2000do,Ia,0,1 2 3,0,1,1 2 3 7,287.856458,-50.640446,287.859129166667,-50.6401388888889,6.19787617623924,ADP.2018-08-02T18:48:39.520,2000-09-30 00:00:00,2017-06-18T03:56:32.113,0.010898,
455,SN2000cl,IIn,,,,,,159.315314,-41.625668,159.316958333333,-41.6299388888889,15.9992267751265,ADP.2018-06-02T02:30:18.639,2000-05-26 00:00:00,2018-05-26T03:06:43.416,nan,
456,SN2000cb,II,,,,,,240.388436,1.711117,240.383958333333,1.70638888888889,23.4378264849057,ADP.2016-07-22T15:57:54.744,2000-04-27 00:00:00,2014-06-23T03:51:59.406,nan,
457,SN2000bg,IIn,,,,,,253.246306,2.40081,253.242208333333,2.39736111111111,19.2713636033493,ADP.2017-03-28T13:44:53.787,2000-04-01 00:00:00,2015-06-11T04:10:51.283,nan,
458,SN2000P,IIn,,,,,,196.797731,-28.235497,196.793870833333,-28.2340305555556,13.3328280981875,ADP.2016-06-21T09:55:15.914,2000-03-08 00:00:00,2015-05-18T04:11:54.813,nan,
459,SN2000A,Ia,0,3,2,3,3,351.987691,8.778501,351.995420833333,8.78391944444445,33.7167139929814,ADP.2017-10-06T15:09:34.514,2000-01-01 00:00:00,2017-09-15T06:56:53.580,0.029636,
460,SN1999gu,II,,,,,,53.255217,-27.860805,53.2506208333333,-27.8611388888889,14.6775344032431,ADP.2016-07-12T10:19:53.341,1999-12-29 00:00:00,2014-09-24T06:42:51.476,nan,
461,SN1999gn,II,,,,,,185.487526,4.468898,185.487579166667,4.46266944444445,22.4236119235245,ADP.2016-08-01T13:06:16.049,1999-12-17 00:00:00,2016-01-20T05:41:19.606,nan,
462,SN1999ga,II,,,,,,114.086992,-69.55326,114.069579166667,-69.5560611111111,24.1075085931849,ADP.2017-12-20T14:19:23.133,1999-11-19 00:00:00,2017-12-02T06:25:40.280,nan,
463,SN1999ex,Ic,,,,,,334.038379,-36.843895,334.030291666667,-36.84825,28.0826088897948,ADP.2016-06-23T09:51:35.962,1999-11-09 00:00:00,2014-10-27T00:13:18.766,0.011401,
464,SN1999ee,Ia,0,1 2,0,1,1 2,334.038379,-36.843895,334.041670833333,-36.8443611111111,9.6309819814102,ADP.2016-06-23T09:51:35.962,1999-10-07 00:00:00,2014-10-27T00:13:18.766,0.011401,
465,SN1999dh,II,,,,,,32.78035,3.849299,32.7752916666667,3.85191944444444,20.4719669906741,ADP.2018-09-20T00:54:00.850,1999-07-23 00:00:00,2018-08-08T07:36:06.256,nan,
466,SN1999ca,II,,,,,,151.344992,-34.220165,151.3455,-34.2114694444444,31.3405074971288,ADP.2016-06-17T14:40:46.098,1999-04-27 00:00:00,2015-05-17T01:41:11.203,nan,
467,SN1999br,II,,,,,,195.162905,2.501057,195.174170833333,2.49606111111111,44.3307078375979,ADP.2016-09-27T10:41:54.487,1999-04-12 00:00:00,2016-05-07T03:09:35.763,nan,
468,SN1998dl,II,,,,,,41.499877,-7.578585,41.5061208333333,-7.57363888888889,28.5223165301501,ADP.2017-10-11T08:56:15.932,1998-08-20 00:00:00,2017-09-21T05:30:40.083,nan,
469,SN1998dh,Ia,4,1 2,5,1,,348.674808,4.534629,348.667958333333,4.53725,26.3302861893452,ADP.2018-09-08T04:41:44.378,1998-07-20 00:00:00,2018-07-15T08:28:36.256,0.00947,
470,SN1998bw,Ic,,,,,,293.768855,-52.84447,293.763791666667,-52.8457805555556,11.9775573741894,ADP.2017-03-28T14:57:05.727,1998-04-28 00:00:00,2015-05-15T08:03:29.413,nan,
471,SN1998V,Ia,0,2 12 13 14 16 17,1,,,275.659289,15.696643,275.655829166667,15.7023305555556,23.7278672421872,ADP.2019-07-20T08:00:23.865,1998-03-10 00:00:00,2019-05-06T06:36:09.116,0.17532,
472,SN1997dt,Ia,0,1 2 3 4,0,2,1 2,345.015437,15.980187,345.012208333333,15.9808111111111,11.3976744770291,ADP.2018-08-09T21:08:02.554,1997-11-22 00:00:00,2018-06-23T07:47:31.130,0.007305,
473,SN1997dn,II,,,,,,163.586406,27.239319,163.578958333333,27.2353611111111,27.7722839336174,ADP.2016-06-21T10:36:39.085,1997-10-29 00:00:00,2015-05-14T23:52:14.660,nan,
474,SN1997de,Ia,,,1,,,289.591541,-60.497696,289.58675,-60.495,12.8976001686663,ADP.2019-07-27T13:36:19.272,1997-08-27 00:00:00,2019-04-30T09:18:18.880,0.012699,
475,SN1997bs,IIn,,,,,,170.054777,12.973545,170.059379166667,12.9721111111111,16.9500778212476,ADP.2018-05-17T12:54:11.773,1997-04-15 00:00:00,2018-05-08T01:36:37.676,nan,
476,SN1997X,Ic,,,,,,192.065835,-3.339205,192.0595,-3.33291944444444,32.0995129445316,ADP.2016-06-21T09:55:15.890,1997-02-01 00:00:00,2015-05-18T03:27:40.560,nan,
477,SN1996cr,IIn,,,,,,213.291983,-65.338976,213.291708333333,-65.3456694444444,24.0999308798033,ADP.2016-06-02T14:14:35.611,1996-03-16 00:00:00,2015-01-26T07:58:24.920,nan,
478,SN1996aq,Ic,,,,,,215.59929,-0.387327,215.594708333333,-0.390080555555556,19.2432616474576,ADP.2016-06-15T09:09:04.921,1996-08-17 00:00:00,2015-04-24T05:35:23.376,nan,
479,SN1996an,II,,,,,,41.499877,-7.578585,41.5034583333333,-7.57231111111111,25.9511614288091,ADP.2017-10-11T08:56:15.932,1996-07-27 00:00:00,2017-09-21T05:30:40.083,nan,
480,SN1995Y,I,,,,,,17.743904,33.150634,17.7483291666667,33.1446388888889,25.3713528227207,ADP.2016-10-12T21:30:38.624,1995-08-28 00:00:00,2016-08-16T07:27:24.513,nan,
481,SN1995V,II,,,,,,41.612796,-0.498612,41.6115416666667,-0.498780555555556,4.55601853489571,ADP.2018-01-09T20:24:08.828,1995-08-01 00:00:00,2017-12-21T02:06:20.276,nan,
482,SN1994Z,II,,,,,,5.309997,-48.628146,5.31917083333333,-48.6304194444444,23.3116373066974,ADP.2018-12-14T16:32:53.182,1994-10-02 00:00:00,2018-07-20T06:34:46.930,nan,
483,SN1994D,Ia,1,2,3,1,1 3,188.509411,7.700699,188.510208333333,7.70131111111111,3.59820764171072,ADP.2016-10-06T16:52:10.915,1994-03-07 00:00:00,2016-05-26T02:37:55.363,0.00272,
484,SN1993Z,Ia,,,,,,137.583898,7.037994,137.581670833333,7.02786111111111,37.3362431645831,ADP.2020-01-09T21:20:46.032,1993-09-23 00:00:00,2019-12-20T07:36:25.906,0.004513,
485,SN1993R,II,,,,,,356.064823,10.766996,356.068333333333,10.7691666666667,14.6693240926907,ADP.2016-07-25T13:16:34.364,1993-06-02 00:00:00,2014-06-22T07:52:30.233,nan,
486,SN1992bd,II,,,,,,41.579251,-30.275017,41.57875,-30.275,1.55881881398998,ADP.2016-10-19T09:30:52.988,1992-10-12 00:00:00,2016-07-31T09:05:44.370,nan,
487,SN1992ba,II,,,,,,85.453487,-64.300247,85.4465,-64.3002194444444,10.9082724957176,ADP.2019-11-28T14:12:36.601,1992-09-30 00:00:00,2019-10-15T07:56:12.376,nan,
488,SN1992A,Ia,4,1,5,1,1,54.116584,-34.960689,54.1142916666667,-34.95875,9.71947332703511,ADP.2017-03-20T10:48:00.581,1992-01-11 00:00:00,2017-01-20T02:02:22.086,0.00616,
489,SN1991bj,Ia-pec,,,,,,55.373419,-4.665713,55.377,-4.66378055555556,14.6113396743905,ADP.2016-07-28T11:30:23.623,1991-12-30 00:00:00,2015-09-24T04:24:40.100,nan,
490,SN1991S,Ia,0,1,1,,,157.364482,22.008323,157.365791666667,22.0128888888889,17.0084854863288,ADP.2017-03-20T10:48:00.633,1991-04-10 00:00:00,2017-01-20T04:51:52.976,0.05443,
491,SN1989B,Ia,0,1 2 3 4 5 6 8 9 10 11 12 13 14 15 16 17,5,1,,170.056254,13.00611,170.057916666667,13.0052777777778,6.55659124767151,ADP.2018-05-29T18:17:29.607,1989-01-30 00:00:00,2018-05-14T23:25:41.676,0.00234,
492,SN1988E,II,,,,,,193.37173,2.167098,193.370420833333,2.17306111111111,21.9777431964417,ADP.2016-10-10T15:14:55.707,1988-01-20 00:00:00,2016-07-02T01:57:31.586,nan,
493,SN1987K,II,,,,,,190.924981,16.394413,190.921541666667,16.3958111111111,12.9005160509514,ADP.2016-06-21T11:21:50.140,1987-07-28 00:00:00,2015-05-16T00:04:38.690,nan,
494,SN1987A,IIP,,,,,,83.866588,-69.269733,83.8666208333333,-69.2698611111111,0.463093880826991,ADP.2019-03-08T04:23:18.793,1987-02-24 00:00:00,2019-02-21T01:26:54.806,nan,
495,SN1986I,II,,,,,,184.713808,14.41534,184.717,14.4123305555556,15.5319399236854,ADP.2018-04-27T14:44:00.562,1986-05-17 00:00:00,2018-04-16T02:49:18.946,nan,
496,SN1986G,Ia-pec,,,,,,201.401652,-43.032249,201.402120833333,-43.0317194444444,2.27078522233702,ADP.2016-09-21T13:42:23.533,1986-05-03 00:00:00,2016-04-13T07:01:43.900,0.001826,
497,SN1986C,II,,,,,,175.924356,19.99464,175.930416666667,19.9891666666667,28.4367196528002,ADP.2016-08-12T08:01:20.628,1986-03-05 00:00:00,2016-03-01T05:39:05.633,nan,
498,SN1985P,II,,,,,,55.53068,-47.20541,55.5265,-47.21,19.430572549966,ADP.2019-12-22T01:22:27.741,1985-10-10 00:00:00,2019-11-21T03:24:45.893,nan,
499,SN1985G,II,,,,,,187.169028,9.258443,187.168370833333,9.26106111111111,9.71012284927199,ADP.2016-06-17T14:40:46.135,1985-03-21 00:00:00,2015-05-17T00:06:12.496,nan,
500,SN1985B,II,,,,,,180.675891,1.976988,180.683670833333,1.97931111111111,29.2134031799693,ADP.2018-04-27T16:55:36.647,1985-01-17 00:00:00,2018-04-18T03:22:56.290,nan,
501,SN1983V,II,,,,,,53.381927,-36.140771,53.3819208333333,-36.1485805555556,28.1144057156501,ADP.2018-11-07T18:46:55.997,1983-11-25 00:00:00,2018-10-17T07:20:06.530,nan,
502,SN1983S,II,,,,,,56.127499,-44.640637,56.1433333333333,-44.6425,41.1097741443229,ADP.2016-10-17T15:59:37.906,1983-10-06 00:00:00,2016-07-24T08:09:09.140,nan,
503,SN1983P,I,,,,,,221.228802,1.946332,221.233333333333,1.95333333333333,30.0180166580057,ADP.2016-06-24T10:52:33.482,1983-07-11 00:00:00,2015-06-12T01:22:13.580,nan,
504,SN1979C,IIL,,,,,,185.750712,15.805832,185.744291666667,15.7976888888889,36.7965642865413,ADP.2020-04-15T08:21:30.477,1979-04-19 00:00:00,2020-03-21T05:16:28.840,nan,
505,SN1973R,II,,,,,,170.055854,12.989789,170.047916666667,12.9963888888889,36.6024718318748,ADP.2018-05-29T16:52:53.871,1973-12-19 00:00:00,2018-05-13T23:25:40.676,nan,
506,SN1970J,I,,,,,,350.06047,8.205714,350.053333333333,8.19888888888889,35.3602593262831,ADP.2016-07-12T13:39:49.538,1970-09-24 00:00:00,2015-08-18T03:11:19.120,nan,
507,SN1970A,II,,,,,,188.173386,14.050129,188.170833333333,14.0419444444444,30.7835223313001,ADP.2016-06-21T10:36:39.152,1970-02-15 00:00:00,2015-05-15T03:37:46.683,nan,
508,SN1968I,Ia,0,2 8 9,0,1,1 2 3,197.203568,-6.777596,197.205416666667,-6.77777777777778,6.64101110551726,ADP.2017-06-14T09:12:09.346,1968-04-23 00:00:00,2016-06-01T02:14:08.836,0.005602,
509,SN1964F,II,,,,,,185.478607,4.473744,185.470833333333,4.47416666666667,27.9413877058206,ADP.2016-10-07T11:48:32.814,0000-00-00 00:00:00,2016-05-28T01:10:56.660,nan,
510,SN1961I,II,,,,,,185.495058,4.473824,185.501829166667,4.47036111111111,27.3129566816609,ADP.2019-06-14T00:20:57.204,1961-06-03 00:00:00,2019-05-27T23:40:09.216,nan,
